cgid	median
cg21807034	0.873458014
cg09698465	0.25963371
cg17754510	0.189320913
cg12749132	0.090105396
cg21472506	0.258198204
cg02837536	0.388532718
cg14175690	0.417127077
cg06249604	0.23399405
cg03184290	0.322412655
cg25718467	0.320161448
cg26547698	0.301718907
cg22846334	0.38105752
cg20381372	0.754757226
cg01697719	0.252232918
cg04737131	0.232091266
cg15794987	0.689475833
cg01774894	0.422137792
cg04470054	0.37174469
cg04635642	0.481136175
cg07974511	0.360581966
cg27234864	0.191837212
cg24816460	0.437213428
cg09799983	0.27446849
cg20383624	0.840246179
cg22876812	0.161450316
cg13832669	0.493037934
cg02367850	0.134116412
cg17698295	0.164278239
cg21015022	0.599012408
cg18641463	0.775169821
cg05224741	0.125899809
cg12515402	0.972647132
cg16399136	0.244039434
cg12652780	0.757156334
cg24879782	0.453188919
cg21229570	0.587019854
cg25622366	0.324899347
cg07382347	0.315114474
cg16551732	0.395218684
cg23229261	0.241620353
cg02090742	0.03529896
cg14262681	0.060071249
cg17301223	0.218713812
cg08703872	0.283220123
cg01074657	0.492121659
cg06862374	0.073682606
cg11795854	0.394015638
cg03070236	0.492664117
cg19200589	0.078951097
cg22072375	0.110638185
cg06833110	0.765290859
cg21995304	0.304945667
cg26818625	0.38201894
cg14931854	0.293580212
cg21026830	0.304150436
cg08190858	0.203945195
cg01916088	0.726225641
cg19082708	0.200912053
cg13990351	0.236728144
cg10122865	0.324091936
cg25763036	0.188042269
cg12014181	0.621532263
cg20386316	0.49386483
cg08382235	0.267214139
cg25577322	0.036633687
cg00295794	0.267276196
cg18456523	0.025597424
cg05942459	0.489803248
cg04654530	0.374534225
cg21101720	0.307374033
cg03995122	0.042922112
cg06888746	0.69194515
cg23279522	0.553430001
cg26962618	0.369917565
cg22009488	0.161326508
cg23325963	0.546531109
cg14029489	0.190507721
cg22635676	0.637902721
cg16707227	0.602930016
cg20232662	0.382450978
cg00989853	0.198567504
cg18091469	0.157597355
cg05825244	0.587990029
cg22524061	0.556930257
cg00066748	0.771904942
cg10168149	0.331371617
cg18438793	0.209648009
cg13944468	0.254781857
cg15425541	0.546902903
cg07834574	0.081766908
cg12589143	0.256921565
cg11552829	0.718957669
cg09322259	0.343142242
cg14204784	0.389838101
cg12436377	0.145501441
cg12245706	0.684381462
cg09860529	0.80181606
cg15892785	0.063939342
cg17390350	0.37764666
cg08086720	0.41079064
cg22877570	0.304166996
cg09780241	0.156079818
cg16126286	0.398778906
cg03130248	0.737269282
cg17639394	0.224439963
cg07184578	0.469426308
cg13446474	0.451548572
cg25923609	0.530509235
cg19403541	0.180398346
cg22198853	0.577908856
cg11616651	0.256796165
cg16283362	0.115398225
cg05690644	0.390929871
cg22480783	0.399426349
cg04228083	0.722819312
cg10967023	0.319789833
cg13180315	0.563762379
cg13453904	0.210152698
cg14196395	0.722195883
cg13401893	0.521399472
cg25650964	0.357883727
cg00498591	0.081342915
cg14527262	0.784106221
cg14765959	0.11547022
cg22367191	0.387572996
cg04707332	0.541400062
cg19113686	0.646544326
cg24425838	0.221661312
cg03989711	0.731783969
cg27317046	0.45856294
cg19486070	0.683356271
cg22821289	0.69903765
cg03078363	0.363432947
cg13185413	0.29554017
cg21045464	0.350955723
cg23928165	0.071449587
cg22986569	0.621456005
cg26783057	0.156380623
cg24369185	0.208090376
cg03239552	0.28881514
cg07580591	0.411906095
cg11770080	0.080219005
cg18249580	0.176869367
cg13916459	0.527170546
cg26718878	0.184444653
cg14701108	0.414635795
cg24139898	0.275963531
cg17386213	0.419984929
cg26479374	0.662548413
cg23543318	0.594101439
cg00459623	0.088389914
cg11357746	0.30611314
cg17705066	0.71025859
cg10923662	0.433995957
cg03582419	0.798416222
cg13294849	0.104587111
cg14449180	0.122995472
cg09323788	0.785092121
cg19052042	0.759931205
cg22369786	0.55259577
cg16823466	0.85428299
cg00839579	0.304524465
cg22505411	0.860715322
cg26212328	0.610026535
cg05014727	0.384327129
cg24685006	0.322289078
cg10471574	0.699788209
cg14188106	0.523067762
cg01889143	0.124833981
cg10703826	0.450362806
cg10626816	0.452542801
cg10017293	0.636746787
cg24714106	0.126125965
cg02155398	0.484018205
cg07681935	0.320001238
cg06223834	0.556496761
cg04156293	0.347177471
cg08466792	0.182253561
cg17542408	0.389493203
cg03146625	0.529654072
cg16560389	0.653361642
cg27520776	0.321776037
cg23709617	0.655949809
cg14507337	0.309745675
cg05398903	0.383132856
cg07489502	0.422818566
cg09670128	0.19906436
cg24345062	0.475374487
cg18794404	0.273465046
cg12162138	0.215873354
cg16192707	0.15266649
cg19192280	0.661670136
cg16269733	0.268519
cg13742526	0.357948767
cg22331159	0.619201642
cg15292765	0.523513352
cg14688579	0.159676766
cg24368383	0.228534536
cg04401986	0.24916368
cg23244910	0.287016806
cg16234557	0.526346331
cg14979301	0.184660619
cg12374721	0.321720922
cg00097146	0.147434348
cg05091238	0.48685182
cg22058452	0.609564901
cg00108351	0.266147073
cg14841828	0.419318756
cg10792302	0.533544265
cg17543488	0.489437886
cg05955675	0.177275862
cg04520169	0.650578908
cg20311673	0.586142707
cg18782604	0.207395604
cg07835424	0.336318795
cg07366506	0.551033894
cg00436496	0.375694279
cg00857907	0.433890989
cg03352106	0.628367378
cg12836959	0.591226757
cg18063312	0.582483874
cg00103771	0.405946982
cg16086559	0.396366087
cg10864200	0.636157058
cg08782022	0.404237189
cg10930308	0.368306725
cg24884142	0.465206547
cg14557288	0.621670749
cg01641792	0.136772892
cg20168806	0.142157072
cg01992382	0.407539158
cg22698272	0.41665157
cg13078381	0.312684174
cg00334063	0.642068995
cg18372607	0.29624313
cg09787504	0.856525163
cg14071579	0.327470301
cg25105522	0.502316403
cg03807298	0.401229703
cg00164949	0.274063544
cg20291436	0.170893886
cg20272979	0.683685284
cg04360793	0.47818173
cg07861448	0.497365175
cg18502142	0.621749946
cg07524919	0.572537985
cg06518838	0.752564907
cg26256263	0.357581144
cg14433497	0.109219855
cg18888655	0.118687016
cg03306486	0.038534598
cg10055501	0.422610453
cg09969277	0.179323788
cg21210224	0.074632072
cg16026813	0.666812998
cg23735712	0.297270817
cg26000619	0.434124268
cg15613420	0.309931258
cg20935165	0.323665081
cg05651243	0.602595674
cg24169669	0.176315129
cg13044675	0.497776038
cg04209913	0.614131331
cg05482942	0.180391923
cg25210835	0.46793096
cg09224689	0.193075216
cg05116002	0.749691257
cg21627409	0.326109586
cg19711530	0.515314234
cg16581738	0.881892655
cg00332802	0.819736658
cg26490671	0.67801103
cg21635870	0.504288663
cg14769786	0.109737005
cg26286901	0.780890773
cg17233090	0.462434556
cg16374999	0.654978018
cg00685614	0.553943973
cg16616521	0.071317896
cg16834823	0.46479271
cg12542255	0.65885786
cg06193597	0.564201604
cg04525002	0.470497605
cg14644001	0.483272896
cg06723863	0.103654768
cg15006175	0.390889612
cg05404698	0.116070924
cg09451427	0.251529847
cg22111078	0.473635121
cg26708319	0.301106068
cg11740348	0.832638511
cg16963144	0.15591842
cg23829024	0.139091279
cg20540209	0.084141517
cg02387803	0.503478463
cg00928596	0.458808136
cg18725867	0.243056188
cg05401764	0.170165374
cg16058493	0.364610328
cg07676361	0.364011195
cg23189410	0.521794984
cg09192940	0.750140246
cg07103846	0.876046275
cg00450784	0.126036813
cg24419324	0.282275337
cg22267770	0.247542293
cg15092343	0.684551625
cg11435506	0.288688834
cg04004561	0.58194079
cg03714619	0.474634546
cg19447962	0.289288289
cg21540621	0.540349582
cg26831119	0.332139942
cg24545961	0.398151637
cg14891209	0.470752256
cg00268840	0.117134054
cg06721601	0.857304963
cg23060646	0.236517307
cg26839512	0.470963663
cg15877520	0.227142706
cg06418871	0.583760029
cg03044684	0.366576182
cg03867465	0.638611101
cg06976250	0.123288968
cg09234454	0.847051295
cg12633154	0.51748447
cg10304637	0.380221489
cg23398076	0.33621422
cg19409060	0.249361431
cg23881926	0.363355744
cg23115390	0.496238923
cg21697851	0.225997846
cg10623600	0.326338645
cg07654934	0.200371884
cg07500347	0.322696865
cg04011338	0.688205911
cg11738485	0.562340864
cg13080565	0.579284822
cg00674679	0.461824098
cg11452329	0.259355831
cg12694372	0.517050055
cg27244972	0.613459133
cg25900280	0.482415528
cg00768487	0.264467886
cg03219968	0.49902096
cg23342718	0.463143017
cg00106345	0.277394915
cg02132714	0.437981875
cg21751684	0.331622919
cg01973676	0.543273412
cg00790098	0.165786156
cg10982364	0.380279922
cg17024828	0.451558856
cg05171197	0.308703213
cg18010718	0.771279455
cg00872984	0.535933538
cg06167221	0.535102712
cg24336989	0.174451458
cg27169860	0.379915767
cg06992285	0.289540286
cg22156700	0.303975983
cg22696167	0.258401602
cg05633523	0.485614992
cg13300273	0.352634344
cg20664636	0.360164345
cg19744936	0.556031258
cg20509869	0.235731722
cg18173726	0.755726261
cg08347500	0.506529319
cg10293403	0.175307914
cg07481320	0.359727204
cg25336332	0.44329051
cg16020346	0.369322155
cg08217163	0.441796177
cg25192855	0.510390811
cg21629500	0.348593082
cg25916282	0.351931339
cg26402417	0.736804983
cg27218796	0.678387978
cg26990102	0.285082077
cg17147211	0.064340553
cg10940462	0.220937463
cg16865446	0.343333958
cg03343571	0.321578112
cg00409917	0.065439577
cg03278514	0.809714487
cg24051554	0.384096054
cg01680010	0.091850874
cg25339054	0.328260397
cg22120063	0.374911394
cg08724310	0.383572816
cg08230483	0.347196973
cg05617980	0.628572884
cg02099572	0.338536188
cg14703002	0.172828106
cg22178798	0.59342131
cg00253735	0.270835899
cg12798157	0.403123573
cg24760581	0.116819857
cg06632214	0.104883115
cg22797514	0.552106063
cg26403151	0.878859561
cg23079012	0.845402391
cg16647921	0.166936724
cg18131141	0.410844159
cg03910065	0.120436902
cg18749015	0.515459356
cg10591771	0.24730287
cg07014673	0.178401697
cg08793877	0.112759024
cg04248271	0.233667382
cg20699586	0.647096552
cg15384598	0.0639444
cg04173586	0.298797454
cg17485838	0.411103194
cg08936645	0.55859413
cg18878210	0.467965475
cg05289920	0.720266527
cg25017223	0.392081296
cg25228422	0.109744799
cg24506221	0.369202173
cg10365886	0.75346083
cg23158189	0.52219584
cg26130488	0.393187768
cg16178603	0.055206511
cg00525277	0.561703484
cg03490289	0.832958807
cg26620530	0.20247447
cg02202923	0.592740551
cg06245037	0.450747192
cg18623980	0.633636911
cg03078269	0.237629037
cg23244790	0.33118947
cg13526469	0.426072992
cg12993715	0.501897425
cg23363971	0.174364333
cg17592360	0.339978769
cg12426196	0.408571532
cg16863795	0.209948385
cg11213574	0.140483381
cg25693302	0.329010902
cg18272353	0.468547309
cg25066665	0.488888775
cg23161999	0.376565777
cg07249433	0.78717922
cg00588920	0.193892066
cg11498607	0.41763861
cg18789918	0.31981873
cg17855264	0.183571775
cg21484586	0.177131959
cg05173913	0.205393407
cg23244913	0.393132384
cg12015737	0.728803791
cg20090283	0.336678796
cg11749010	0.423249758
cg21762788	0.345921541
cg00947782	0.17895206
cg22958090	0.773803904
cg03301582	0.22681037
cg20415053	0.349689773
cg23049458	0.292364981
cg10662314	0.173960703
cg05224126	0.69382529
cg12892506	0.210634613
cg01407254	0.723235088
cg23497383	0.237471166
cg26190890	0.257800397
cg03656099	0.582077844
cg13620034	0.154436108
cg07434271	0.303091503
cg26104083	0.36584607
cg25620901	0.720873164
cg21707187	0.148691921
cg02245004	0.236866375
cg01963754	0.627348943
cg23936031	0.362771695
cg24673771	0.148092553
cg21297493	0.538366738
cg21849932	0.394691666
cg21039708	0.172497288
cg09279736	0.442237223
cg22371492	0.31783329
cg26686732	0.215262149
cg14071179	0.472695493
cg16413687	0.484859195
cg27036341	0.835296761
cg14294859	0.383622648
cg03653399	0.732301956
cg22587479	0.133159677
cg14386951	0.110635779
cg09537620	0.086567798
cg24520538	0.318125698
cg12418535	0.257024618
cg07152216	0.309982934
cg02886375	0.770968438
cg05036212	0.439523747
cg07222505	0.381199364
cg23064609	0.389555814
cg03132824	0.717089205
cg13849454	0.136138366
cg14526718	0.215105553
cg25330243	0.249526131
cg01414185	0.776427426
cg06666008	0.226389399
cg15214183	0.300027491
cg13092405	0.519998023
cg13323489	0.303565719
cg14040131	0.615618028
cg17949969	0.205581461
cg16202331	0.471781711
cg09591072	0.093470617
cg11174855	0.209543838
cg14486338	0.256778669
cg16072192	0.34329645
cg26659805	0.351115586
cg13434411	0.304404462
cg16252110	0.645278205
cg21222178	0.761302854
cg15267232	0.381545838
cg23971170	0.670763972
cg26725201	0.477790473
cg09452082	0.678768763
cg08847856	0.689355308
cg27404023	0.251411362
cg08767686	0.644483039
cg00593773	0.590815436
cg14817655	0.267938966
cg13539545	0.282975051
cg23874373	0.784613946
cg24058604	0.271424029
cg07377422	0.441359365
cg17266282	0.299311982
cg22229906	0.296342696
cg26762347	0.200772502
cg06766860	0.615373598
cg08786077	0.178979492
cg10418626	0.605721546
cg06835156	0.632459464
cg19656282	0.16456201
cg04911005	0.261417121
cg23250574	0.400893426
cg16945186	0.53832826
cg07167423	0.377335279
cg24676071	0.582090733
cg03685886	0.560554054
cg18698788	0.176675984
cg27616227	0.262938276
cg17534029	0.394286761
cg09968723	0.1173497
cg10292584	0.508840243
cg08159989	0.462790523
cg22614239	0.532312151
cg24799921	0.060526433
cg26267430	0.810756739
cg06330323	0.803554057
cg20867963	0.202730425
cg10682299	0.276382181
cg02388378	0.374205244
cg15084543	0.406748326
cg10445315	0.203676014
cg21140898	0.419884075
cg12578486	0.415342427
cg12860686	0.196544149
cg19320820	0.283887429
cg18747742	0.463364455
cg26791879	0.697309615
cg06937717	0.132575733
cg19924619	0.454429637
cg02524983	0.347441118
cg01054755	0.172576566
cg23371746	0.631015439
cg19925204	0.42776548
cg26010734	0.509277453
cg13732582	0.203255898
cg12134633	0.532189078
cg11885357	0.482552697
cg22510376	0.09211669
cg08248516	0.685551824
cg17399362	0.343480048
cg02694427	0.242296138
cg27125849	0.347489204
cg09387749	0.680069406
cg15258447	0.174772834
cg26799656	0.936202995
cg22471075	0.271267677
cg24842260	0.269166663
cg09511741	0.65392924
cg14359824	0.31246367
cg19999682	0.529268881
cg02023345	0.098383292
cg11536474	0.139808657
cg17965712	0.338287629
cg03892356	0.46380876
cg05940691	0.361458067
cg17206850	0.201151171
cg18403361	0.565752846
cg02326806	0.768636749
cg00256329	0.843041778
cg12984729	0.189750635
cg01515515	0.431187669
cg25888386	0.257735468
cg01438365	0.616380731
cg13634242	0.098333841
cg22943986	0.303981351
cg11318054	0.06266947
cg08128087	0.604111125
cg08624648	0.662107677
cg20814095	0.14369686
cg22902266	0.236494879
cg09861917	0.193029621
cg02152120	0.084413411
cg01056242	0.720127245
cg10746936	0.343373232
cg06545268	0.41252035
cg02315271	0.440600382
cg05477457	0.386532678
cg05529816	0.206024499
cg11878331	0.40080562
cg08364561	0.165588074
cg11236727	0.524405164
cg02037307	0.716619048
cg03075709	0.175329004
cg05809668	0.125926838
cg26728517	0.432149056
cg01288184	0.42174049
cg23445461	0.458368186
cg26198107	0.629531611
cg11366849	0.603977109
cg05977002	0.495064096
cg03315407	0.471661838
cg25807487	0.607933501
cg20981848	0.201919997
cg26279021	0.588295542
cg26263234	0.281536485
cg24884703	0.111311237
cg27359566	0.507192459
cg17920646	0.614026353
cg17496661	0.741169171
cg16543094	0.11046451
cg18093372	0.395285893
cg06918474	0.129839769
cg03108070	0.358030433
cg21434530	0.29277256
cg20916523	0.659327129
cg16871561	0.615321753
cg04003871	0.501638996
cg05196969	0.118128989
cg24759337	0.11440124
cg25757115	0.231643763
cg21545862	0.449060063
cg15459780	0.126523983
cg04623837	0.302583072
cg18786593	0.360150959
cg24496841	0.223579299
cg14374754	0.199644148
cg00025439	0.614322469
cg16898193	0.247547494
cg02081006	0.755143641
cg19220719	0.51531642
cg18381051	0.283391653
cg16171281	0.33138343
cg13073773	0.406211431
cg06556702	0.212933187
cg26113809	0.530215558
cg27484412	0.366066407
cg21215550	0.404678354
cg14394550	0.778463426
cg19414598	0.209016821
cg25999637	0.664100135
cg23731272	0.692899859
cg18448949	0.296551412
cg07425646	0.375382144
cg10244976	0.630675603
cg24164564	0.261925896
cg27364741	0.512846074
cg23286646	0.114375147
cg22006640	0.400385319
cg14275842	0.074163757
cg24152976	0.328916324
cg21526750	0.2217089
cg17241776	0.216032929
cg11062778	0.426943549
cg23241448	0.130717532
cg13005202	0.643144948
cg02235249	0.519449193
cg07385694	0.526590267
cg01323777	0.539255174
cg07126525	0.11685228
cg08045906	0.564843015
cg12911732	0.084653658
cg24974704	0.730014658
cg10672567	0.541824524
cg09115646	0.872204354
cg23615741	0.313123419
cg16990168	0.71340814
cg01622006	0.412498243
cg12336777	0.421525202
cg04138112	0.150456569
cg07436694	0.401956367
cg22856324	0.53916453
cg00129563	0.3674679
cg15014975	0.380360054
cg22442454	0.050252737
cg11533881	0.246764064
cg21726372	0.331243954
cg12313892	0.74446399
cg26518861	0.280160589
cg24896649	0.186655226
cg04370314	0.161065349
cg11837293	0.474156463
cg24274579	0.579060183
cg23610041	0.389846363
cg05833351	0.624386891
cg17428559	0.526297746
cg02286091	0.459586149
cg04868078	0.188447321
cg21046148	0.714016575
cg04578774	0.128428411
cg04415798	0.456738543
cg08522426	0.173239141
cg25243455	0.37517576
cg19763461	0.382743557
cg16071219	0.314526898
cg14367020	0.177955064
cg15003570	0.657942791
cg17987112	0.501881069
cg22387369	0.068505632
cg19495969	0.723062852
cg05649108	0.106895356
cg00064255	0.25121897
cg07803375	0.525714518
cg20100745	0.563032352
cg07274716	0.603962926
cg02395846	0.549616743
cg00910015	0.566160138
cg24381412	0.105738313
cg06756211	0.196193498
cg10448808	0.181273742
cg14549524	0.72564846
cg25735305	0.423181304
cg04290346	0.089796565
cg05855917	0.346475153
cg06368184	0.303985207
cg01894498	0.203211211
cg16765600	0.919063819
cg07121856	0.151249682
cg00667789	0.441018659
cg01736164	0.633782193
cg25903779	0.114589641
cg07783843	0.619939889
cg22120095	0.427476631
cg14825735	0.346162661
cg16208084	0.594592336
cg02344527	0.366017596
cg25702335	0.434031168
cg07316846	0.542514392
cg10254035	0.622106062
cg03890691	0.260715915
cg18021902	0.421022397
cg00011225	0.107377422
cg10143811	0.306518681
cg07110405	0.236964511
cg00223767	0.402861853
cg06310816	0.294481519
cg07847030	0.39653394
cg08369368	0.112937123
cg17959970	0.300367397
cg04688351	0.280938521
cg04915566	0.723260035
cg09821185	0.592608041
cg26385172	0.427759635
cg01912586	0.094344804
cg15162392	0.195704486
cg25308508	0.446155934
cg15689991	0.438228972
cg15972264	0.707812444
cg23218354	0.518334856
cg04777726	0.303278289
cg24495585	0.136081953
cg02376703	0.047044535
cg22108292	0.78358854
cg26402660	0.577039406
cg02527886	0.928628061
cg18448746	0.317542099
cg18617005	0.136819486
cg03311684	0.262190861
cg01020413	0.515807719
cg18430555	0.286867356
cg17431280	0.151862478
cg23669081	0.765455379
cg19954537	0.338082768
cg26845390	0.854376225
cg23244022	0.381697329
cg06820621	0.568034045
cg19981568	0.27793001
cg15628917	0.374361189
cg07458308	0.338124302
cg23270529	0.703491813
cg26337312	0.364258671
cg23291280	0.63590953
cg18077971	0.427929938
cg22320365	0.217454421
cg04206484	0.744206999
cg22399133	0.179074181
cg10604476	0.20098549
cg22488797	0.52017512
cg07619683	0.791402099
cg12034118	0.116857247
cg19175386	0.629400013
cg27592331	0.307533828
cg07095230	0.435889436
cg20002901	0.312045007
cg01832036	0.171662311
cg13530938	0.196604273
cg03599978	0.066310041
cg25637894	0.266554253
cg21039380	0.445173389
cg20884887	0.385324958
cg20232986	0.393946439
cg03852144	0.296931311
cg22884656	0.327638481
cg16476975	0.099817826
cg05290058	0.418662459
cg13797425	0.469526641
cg11642891	0.844834662
cg19945931	0.534159024
cg10505610	0.585752726
cg05620980	0.627378951
cg10549986	0.279784252
cg05068848	0.433586586
cg14819504	0.208049076
cg21514164	0.508612771
cg20446334	0.662639976
cg08208480	0.535178308
cg20377305	0.281225924
cg02099878	0.126019537
cg11314598	0.843952049
cg10962762	0.587703624
cg19889626	0.353360846
cg10285466	0.54163904
cg03048372	0.866927928
cg20803293	0.481867674
cg16297011	0.621246362
cg19871940	0.151543664
cg02773086	0.531817343
cg13115683	0.163867866
cg26426745	0.147012516
cg05901765	0.527279833
cg17778888	0.772254706
cg09802835	0.532824198
cg11413133	0.324225689
cg15579587	0.455265551
cg21802055	0.167077745
cg06842954	0.33422615
cg15779837	0.235950599
cg25153741	0.663498098
cg27136844	0.505037032
cg00110654	0.200200068
cg13233461	0.092744522
cg02424365	0.407280761
cg10589443	0.139036951
cg24748548	0.903267622
cg17344516	0.340858709
cg24324815	0.368238892
cg25363445	0.545863947
cg24525457	0.266629558
cg01176363	0.351136755
cg10386298	0.617234995
cg07078958	0.456233729
cg05115862	0.701427437
cg04978078	0.301081302
cg05039004	0.049226051
cg25536739	0.367747454
cg00530492	0.224988924
cg03230711	0.447587733
cg14005211	0.404181564
cg13622450	0.365374027
cg04224064	0.205552801
cg07946277	0.281208266
cg11610925	0.721119387
cg02477603	0.430597364
cg24898738	0.444259848
cg08291024	0.473777871
cg14677130	0.634208109
cg17161250	0.131812147
cg09602288	0.380295516
cg04052466	0.316481034
cg06699564	0.412297599
cg15619820	0.675692555
cg01405040	0.283789176
cg22489321	0.356951551
cg15397593	0.568627186
cg20223392	0.639707951
cg00011616	0.590036484
cg14861089	0.13210557
cg02710296	0.634312258
cg13387113	0.27905264
cg06654901	0.364369245
cg03365751	0.3948
cg09580822	0.651419118
cg10754215	0.368690792
cg19611193	0.594878939
cg20293650	0.711279877
cg03020554	0.464719401
cg02933362	0.426243107
cg12406391	0.32599418
cg05589489	0.792662496
cg10598816	0.172034982
cg05345154	0.392927142
cg22979783	0.433767016
cg03140412	0.159270073
cg16768018	0.532921055
cg21001184	0.100334041
cg06809252	0.75485185
cg01090834	0.16772181
cg03475293	0.559341331
cg24157892	0.358200537
cg02360980	0.064639618
cg26889659	0.236891573
cg11528328	0.125976961
cg10919664	0.309731792
cg19537719	0.592954763
cg08076266	0.173526687
cg24467349	0.521775781
cg10581012	0.472054
cg01973456	0.561534667
cg05017994	0.815116792
cg09973284	0.271764276
cg23651812	0.539725944
cg17810609	0.264111814
cg04640920	0.645920955
cg26123605	0.33052696
cg18161327	0.642272757
cg18413131	0.11218753
cg10624122	0.579569944
cg24033224	0.732556636
cg26809635	0.148716752
cg10546219	0.300689112
cg02384857	0.747641804
cg06623935	0.229328847
cg08085232	0.486951726
cg12479878	0.429490706
cg21104965	0.400208567
cg15265085	0.577360265
cg16918905	0.429095615
cg10780890	0.164471313
cg22712983	0.715827113
cg27183188	0.13289093
cg05627029	0.082139506
cg03821443	0.775012502
cg21849844	0.36799195
cg03494648	0.753836823
cg00332937	0.522433757
cg06422471	0.536273991
cg19049964	0.440033701
cg10486069	0.563693508
cg26926612	0.256527831
cg08202754	0.601256261
cg08850461	0.205145484
cg00387964	0.612663719
cg02486855	0.687652085
cg25888561	0.344283736
cg18395917	0.439357199
cg00727777	0.743453542
cg26494929	0.14411728
cg15219228	0.098477861
cg04421271	0.287052567
cg23950233	0.465128734
cg13500072	0.239960377
cg01160692	0.436687961
cg09234616	0.207037579
cg19370653	0.248383217
cg23218559	0.314197254
cg06962177	0.16664354
cg14122138	0.364386926
cg16361302	0.354140011
cg12753366	0.928805355
cg15374435	0.637919436
cg06183338	0.370890136
cg23440636	0.48863643
cg05663278	0.665782646
cg00347757	0.293487997
cg02794451	0.465315999
cg08650890	0.521008646
cg00913949	0.223022377
cg23521140	0.198847947
cg26680317	0.839730704
cg24721899	0.360900784
cg06287775	0.607908304
cg14137381	0.403477206
cg10456990	0.245805244
cg17342973	0.181631786
cg04142864	0.348459588
cg25553466	0.27054944
cg11573566	0.573734928
cg08070771	0.419632802
cg01129004	0.198576748
cg03076855	0.271705574
cg21126229	0.711407244
cg12193833	0.532910752
cg10932018	0.052966811
cg09465698	0.368082617
cg16721321	0.669746015
cg22928386	0.479443747
cg19029181	0.494007199
cg07592963	0.210270732
cg05921905	0.341793951
cg21130113	0.648276153
cg07185131	0.209058563
cg25307665	0.31909934
cg14417498	0.296141246
cg24008884	0.370144676
cg02048922	0.437888855
cg17069396	0.172767847
cg10863922	0.840218463
cg12672205	0.061013885
cg22618405	0.619962867
cg15922174	0.186953357
cg12296772	0.130891517
cg22861116	0.336775733
cg13918754	0.106172763
cg24880701	0.14037801
cg04243827	0.421353281
cg02772121	0.710520551
cg25740565	0.438212266
cg17173816	0.706224996
cg16086130	0.317488802
cg16966315	0.11474443
cg16919569	0.660387671
cg24382823	0.524138367
cg17242351	0.241775678
cg23714773	0.912221889
cg21999471	0.410922994
cg03470180	0.07885561
cg22861340	0.186911046
cg16179938	0.737472281
cg17573292	0.463221136
cg21776417	0.318592308
cg17727929	0.183464624
cg11789612	0.066717882
cg11499091	0.772343376
cg08893839	0.404783421
cg24755163	0.250901833
cg17070988	0.415869123
cg06710082	0.343399331
cg12098750	0.31486493
cg13020870	0.213578268
cg01778345	0.607301171
cg18781988	0.34494794
cg08908855	0.627015059
cg21753226	0.432758682
cg03004860	0.837476594
cg05353869	0.369908076
cg13706058	0.279613624
cg23263937	0.444400558
cg14765933	0.452929943
cg17415265	0.375215887
cg16114141	0.394610298
cg00081799	0.738234448
cg18197594	0.411946858
cg00701951	0.486896033
cg03923561	0.114446948
cg02548132	0.34173574
cg21875802	0.654861224
cg08199953	0.548746208
cg18582260	0.739533677
cg08894487	0.276939701
cg05813818	0.454952788
cg08393041	0.306122287
cg03588998	0.615700829
cg05141014	0.784563786
cg08696165	0.334666679
cg12363903	0.843444928
cg26819695	0.559854886
cg09642408	0.372252897
cg10781408	0.085580632
cg15409097	0.579943345
cg26674943	0.145087497
cg01600222	0.358889834
cg19088635	0.526033055
cg15649852	0.267307175
cg25730564	0.372425681
cg01598421	0.699851365
cg08835113	0.309291707
cg19912142	0.354527846
cg27569446	0.069253662
cg16814808	0.347714991
cg24231558	0.788329651
cg17099445	0.769604728
cg13053505	0.201576157
cg19849728	0.454532881
cg19520927	0.260360816
cg18866599	0.155246343
cg02121529	0.57445104
cg02766845	0.095589288
cg11871960	0.388530415
cg16440978	0.525708138
cg23720064	0.229740901
cg19473656	0.385652744
cg10595547	0.473927887
cg14567963	0.566131759
cg00225902	0.44985388
cg16748008	0.389727342
cg24981593	0.33709474
cg09628195	0.228804025
cg01161204	0.548349312
cg16653620	0.329521584
cg02300584	0.415007443
cg09245302	0.661056076
cg27416863	0.669752542
cg17459215	0.855006576
cg01567173	0.842450565
cg12659883	0.556329624
cg13482308	0.102673304
cg20014398	0.322104226
cg27427514	0.149027291
cg14418633	0.373411792
cg24453580	0.048839251
cg15795787	0.369557905
cg20992181	0.598171609
cg01268824	0.213413192
cg09684846	0.870987561
cg08587775	0.154207356
cg19318393	0.396409101
cg01207684	0.471130005
cg21163347	0.43930609
cg18548797	0.751397021
cg21041775	0.428559923
cg24896021	0.761473534
cg03834767	0.506401655
cg08889797	0.486682282
cg06271067	0.564943399
cg02458237	0.155011287
cg23697546	0.330516669
cg17227257	0.446904537
cg09544728	0.882437085
cg22840361	0.81327139
cg07702693	0.884776933
cg22579265	0.128770732
cg25645064	0.325155468
cg09639151	0.425234489
cg04481096	0.557432984
cg06360976	0.821292466
cg01696784	0.743157401
cg09469667	0.30479056
cg20464155	0.38933433
cg02676167	0.479356236
cg02381898	0.191714466
cg23171972	0.66392084
cg14904662	0.325000091
cg25947619	0.075944142
cg04025964	0.226522567
cg14714222	0.594690468
cg25830182	0.296439808
cg04850731	0.657137946
cg26958524	0.394041276
cg06145336	0.539901037
cg22477343	0.335352941
cg27406975	0.078726954
cg07065220	0.16598326
cg16642791	0.197805018
cg06139006	0.449249611
cg08512490	0.176114783
cg14872952	0.324025963
cg06430465	0.856663658
cg25570913	0.052272658
cg23536473	0.322638674
cg01114124	0.571024593
cg21493516	0.52652972
cg03364108	0.144251513
cg15894722	0.147895777
cg06474225	0.302405552
cg01244015	0.444853229
cg14516100	0.432087695
cg02466815	0.435920303
cg20943039	0.091175959
cg01614102	0.574689789
cg02762634	0.750452726
cg13906823	0.548642952
cg01947066	0.256620427
cg01286685	0.455930098
cg25353287	0.534866008
cg25025181	0.725666091
cg16001495	0.148871762
cg13283952	0.754605205
cg09851951	0.521155916
cg21016855	0.238912968
cg07355507	0.753676663
cg14159672	0.624878542
cg20811857	0.696943351
cg22262702	0.715138517
cg05927190	0.276145163
cg00587009	0.219334966
cg02109484	0.385827152
cg26702958	0.137962666
cg16817992	0.397163253
cg25950112	0.21364769
cg24716664	0.907665508
cg19378036	0.311077009
cg24040595	0.824063006
cg13023646	0.519392655
cg25092838	0.152195235
cg11822088	0.588795279
cg13390867	0.448537286
cg02237629	0.156423911
cg15506609	0.306876057
cg15760474	0.828194432
cg23663774	0.135003964
cg19814934	0.44977141
cg27659049	0.789051245
cg12258785	0.467961013
cg03216846	0.372511807
cg17326769	0.1806681
cg24006721	0.352852846
cg24033633	0.563487033
cg03695591	0.629096167
cg25588389	0.250470778
cg00863893	0.309424122
cg02063759	0.464371193
cg09408917	0.354117961
cg01128482	0.654243534
cg08368520	0.806867527
cg08414108	0.686766847
cg16282892	0.395403353
cg08994060	0.358941683
cg18011273	0.716310427
cg19092317	0.319628047
cg05673968	0.565122528
cg09323727	0.347374452
cg17097782	0.399819108
cg07936950	0.412553721
cg18121066	0.832818635
cg02514143	0.812108463
cg23088184	0.216755562
cg07480647	0.123227232
cg17975443	0.300733859
cg26316946	0.418681127
cg12118013	0.440104168
cg20688651	0.502611111
cg19376851	0.235421871
cg24005685	0.325085615
cg23981871	0.648602036
cg23586322	0.130883825
cg17526887	0.426620071
cg16851417	0.312820313
cg18397073	0.580552108
cg22049858	0.132344001
cg20643952	0.308609058
cg14855519	0.580893882
cg23586172	0.803106452
cg01246520	0.812905736
cg00720747	0.398169739
cg10837110	0.700709185
cg13186228	0.163251096
cg25551714	0.34463732
cg27624162	0.53207143
cg26371345	0.497707432
cg10996596	0.610170469
cg06351537	0.509925147
cg01951086	0.363964102
cg10613224	0.493491009
cg01997272	0.248929985
cg22052566	0.383259248
cg02846841	0.359825888
cg03646329	0.398047185
cg07616879	0.643543045
cg08443845	0.485424178
cg08773462	0.23396933
cg05124021	0.436628747
cg27098470	0.462234694
cg01693350	0.468403361
cg12055395	0.290043742
cg02509058	0.180998751
cg06619621	0.097493645
cg14652131	0.112883887
cg07790170	0.272432318
cg01022219	0.538194236
cg11412466	0.475916876
cg22151446	0.405657058
cg16310415	0.575615471
cg25781755	0.569379304
cg19628988	0.287805923
cg03186333	0.305623103
cg07696033	0.1717774
cg17479501	0.567549594
cg22976224	0.109887885
cg19768229	0.557663783
cg02088292	0.191706139
cg24932457	0.221659882
cg12451631	0.098768019
cg02011392	0.51151078
cg19085146	0.589993486
cg17247026	0.955553047
cg14210607	0.123532303
cg14093715	0.340929465
cg00426486	0.79768202
cg04316624	0.499714007
cg18499201	0.453932431
cg12140144	0.216364028
cg22389375	0.55087951
cg18443359	0.248999681
cg08718050	0.837343617
cg15731655	0.298722749
cg18862481	0.111472805
cg13475583	0.05097469
cg00035316	0.412985255
cg11538641	0.20688417
cg00706570	0.737152339
cg10615591	0.452800389
cg06315390	0.506225539
cg03605610	0.622028662
cg26978172	0.839572854
cg17589883	0.516944526
cg05109049	0.696174298
cg13574488	0.521964201
cg13858127	0.923001635
cg24940967	0.296590963
cg09721739	0.217578957
cg21042456	0.134630651
cg17160984	0.480392008
cg02423105	0.443721033
cg23401796	0.575736305
cg06792428	0.221378081
cg27196131	0.898706222
cg06871344	0.501203826
cg06307913	0.426714972
cg01727408	0.550484411
cg11382963	0.316119297
cg13947167	0.309601365
cg13540960	0.159806203
cg12610207	0.053239524
cg26389316	0.786012894
cg00848945	0.221669225
cg05639246	0.308933939
cg17374433	0.549897827
cg14609025	0.197048745
cg06516502	0.828988493
cg05877497	0.346336019
cg04963697	0.605922576
cg05472468	0.211560432
cg26379012	0.884381442
cg27456468	0.476010857
cg15931471	0.421640591
cg20399509	0.095509539
cg21533331	0.497723724
cg20137991	0.913523256
cg18118262	0.533032185
cg13100965	0.21115192
cg17861863	0.285740525
cg24361265	0.757751129
cg17471939	0.313005843
cg12848808	0.433051243
cg24783211	0.079339181
cg26036375	0.480420466
cg04917391	0.358714606
cg20693607	0.397764207
cg21437028	0.509733692
cg20418529	0.313259404
cg03023152	0.641537625
cg02852791	0.469868808
cg02611848	0.418627997
cg04202892	0.301013313
cg25037165	0.75446899
cg01405445	0.332021872
cg03943773	0.210490434
cg22814961	0.249464167
cg13045134	0.217599888
cg20156240	0.170078552
cg06878649	0.73275519
cg25324047	0.688886031
cg03780851	0.350784572
cg01733176	0.274909024
cg11954332	0.559340301
cg22863920	0.27786524
cg13914486	0.873925315
cg13668207	0.532505459
cg11104416	0.520946096
cg08883223	0.189898665
cg20952901	0.133816657
cg13625875	0.74337409
cg21027282	0.610891162
cg10640845	0.212253468
cg02622647	0.427770784
cg14531663	0.591325722
cg11361344	0.617858744
cg07160932	0.105414081
cg26852712	0.518723789
cg25444386	0.234884565
cg22610645	0.664947281
cg26444528	0.213142698
cg05176970	0.703015418
cg01517680	0.288267736
cg01412419	0.708064772
cg26669793	0.22736411
cg01437515	0.600760245
cg01714284	0.581231283
cg26196480	0.463685464
cg24105287	0.643024032
cg05956452	0.72846181
cg15718581	0.521202093
cg22833612	0.658508949
cg25407979	0.771043979
cg03322979	0.50189725
cg05194102	0.79214726
cg18156592	0.403758497
cg13249146	0.680091465
cg02650401	0.233063312
cg00902496	0.202138196
cg24138691	0.669836928
cg02452944	0.50103572
cg11250081	0.182598465
cg14314744	0.458426753
cg21439763	0.575821697
cg14481208	0.456310526
cg00076195	0.099047413
cg11111460	0.601432351
cg07687119	0.510395094
cg01590338	0.537491344
cg21507095	0.24742899
cg27154418	0.676097872
cg04786287	0.377872082
cg10536349	0.725440351
cg18566515	0.323489218
cg08331829	0.527413136
cg20080624	0.565645575
cg08249424	0.416180563
cg19102771	0.257715052
cg20640374	0.868488564
cg27665146	0.711174804
cg05304979	0.563596984
cg17411135	0.329301338
cg22272282	0.357718027
cg24454932	0.355883517
cg27391627	0.716030004
cg11841771	0.446916216
cg09908110	0.159827142
cg04917446	0.295662316
cg01984854	0.570041364
cg05937292	0.370240801
cg11806178	0.474385935
cg22210145	0.370847864
cg24845848	0.215941943
cg22324567	0.583952346
cg08230177	0.415855081
cg03113878	0.317475153
cg10476773	0.269125905
cg23506143	0.65028196
cg11942594	0.524817769
cg16699528	0.59275066
cg09048251	0.15618797
cg09200260	0.225655382
cg22166728	0.369385133
cg00594129	0.264979122
cg18376288	0.247573738
cg10351284	0.437001555
cg19164987	0.268983637
cg03161803	0.273682974
cg22231400	0.448068721
cg08379987	0.47042203
cg22377643	0.583764523
cg24761867	0.147284843
cg02357336	0.5896316
cg22249789	0.32103274
cg00826640	0.877284813
cg21608237	0.223526113
cg27049766	0.134128013
cg08529345	0.465846439
cg26220673	0.575185661
cg00215432	0.1205433
cg02809746	0.082145336
cg04645545	0.239640457
cg00683332	0.567742655
cg16665866	0.659162113
cg25940392	0.28895074
cg07474842	0.651096752
cg02159489	0.732165529
cg17697633	0.131145018
cg13298199	0.213611852
cg05045981	0.513649476
cg20517050	0.408438712
cg01825295	0.50512768
cg21334513	0.184960622
cg13614409	0.365433761
cg03405909	0.441289313
cg26354017	0.65449301
cg19063061	0.230018802
cg13909661	0.659405288
cg16375290	0.135020783
cg07539451	0.675583544
cg05408649	0.571186347
cg04999026	0.614266001
cg04117801	0.464780205
cg18356785	0.51968022
cg04935434	0.369056115
cg03835609	0.11566716
cg01817521	0.197997023
cg05308504	0.296338169
cg06834912	0.018187058
cg26010218	0.278728886
cg25399352	0.48263428
cg05895353	0.773570071
cg14498592	0.340820192
cg21552242	0.523479538
cg26551975	0.162723279
cg19866866	0.684524407
cg03670369	0.948290869
cg12036633	0.468553163
cg10272601	0.063855432
cg03722396	0.260576355
cg26023087	0.230763379
cg12305431	0.704658184
cg21587238	0.307809055
cg01815567	0.630047651
cg00631329	0.518783824
cg11086982	0.250295351
cg17278072	0.447631794
cg17298275	0.415582034
cg02632314	0.415942048
cg00364016	0.181208299
cg14121142	0.091726619
cg09777775	0.638358508
cg11030264	0.526360593
cg11934688	0.656490685
cg09233651	0.442692019
cg08482436	0.186214639
cg06958766	0.307613171
cg11073811	0.506030678
cg04311686	0.862827358
cg17514558	0.472356031
cg14457782	0.321264561
cg22445940	0.470446659
cg17343563	0.240390308
cg12298268	0.407700331
cg24889708	0.70391878
cg13591783	0.265905774
cg23322933	0.561407382
cg03025986	0.92583861
cg22115076	0.439076856
cg22070156	0.358768284
cg10002860	0.693274289
cg13872831	0.087253577
cg19623624	0.66523876
cg04150136	0.072212653
cg11510586	0.395163664
cg17504591	0.505039538
cg12361223	0.196452745
cg13800005	0.432170979
cg18542688	0.630521237
cg01978237	0.518025036
cg22620746	0.480299688
cg18786873	0.306249553
cg25439798	0.693085979
cg11128216	0.297289013
cg10954469	0.15665913
cg26004771	0.444686746
cg25890168	0.314848538
cg06823034	0.450201774
cg04319873	0.264881775
cg01047631	0.591244728
cg24452128	0.28861562
cg08857729	0.179330784
cg06261400	0.465074646
cg23032184	0.395625485
cg15442907	0.514776312
cg01961105	0.58709877
cg16316624	0.405073484
cg09632273	0.711872562
cg08424184	0.422267829
cg01462184	0.897655185
cg25953239	0.157128098
cg10832239	0.386900783
cg24441810	0.548465499
cg06973615	0.506354942
cg09143673	0.383507176
cg06852942	0.628486229
cg10982443	0.413520704
cg24145118	0.808920649
cg05931423	0.591937895
cg25095032	0.733569096
cg14038058	0.43676911
cg14213590	0.533148675
cg01694488	0.413960518
cg11382529	0.596633277
cg27102141	0.41598341
cg11165158	0.363815585
cg02046552	0.514332237
cg25874782	0.419298614
cg23473955	0.292000984
cg11433622	0.082720679
cg02668055	0.804085832
cg01620164	0.505801078
cg17019053	0.452535153
cg15084433	0.791723739
cg05743713	0.190158418
cg21361094	0.617199396
cg08041481	0.150440998
cg08527124	0.383160263
cg17478979	0.365469337
cg15380291	0.647625899
cg16245261	0.161314221
cg20408776	0.416048763
cg22539420	0.463751839
cg01765077	0.520761989
cg19901523	0.49784296
cg21049501	0.900262899
cg25774643	0.152877596
cg02362103	0.542106633
cg26848718	0.080723984
cg26029734	0.294343176
cg06694734	0.167520791
cg03554749	0.288486377
cg18944010	0.436801645
cg04293085	0.24179811
cg27011060	0.188593399
cg00995986	0.429197077
cg08317738	0.62548746
cg19239040	0.523504162
cg19451167	0.345661442
cg19731286	0.816897773
cg03356172	0.237985325
cg24080247	0.268561225
cg21398280	0.503364569
cg25319067	0.409157114
cg05227215	0.503005314
cg27664085	0.37024577
cg07168142	0.717428502
cg05513806	0.210364601
cg08607018	0.255762523
cg06173663	0.378025301
cg06513814	0.78407997
cg22275864	0.397186007
cg09791621	0.303403281
cg18034737	0.330709379
cg03646096	0.946972753
cg07870307	0.318269892
cg08911368	0.683314941
cg24709951	0.5379978
cg21170796	0.34858388
cg05864326	0.444490669
cg02530022	0.39411736
cg13677149	0.276904411
cg16394018	0.696814879
cg00362657	0.347971972
cg02348751	0.125556661
cg14245471	0.851812327
cg24541426	0.545922115
cg11724970	0.384295404
cg14200569	0.323481331
cg06358671	0.489781548
cg07177380	0.283225614
cg22973468	0.365360431
cg25723217	0.60593307
cg06357305	0.570425566
cg16695758	0.395006302
cg09896412	0.211416627
cg03295928	0.37029919
cg05870739	0.261622504
cg12000995	0.618795842
cg14578879	0.271838816
cg18750960	0.642835588
cg24504927	0.079956494
cg17862447	0.834923511
cg11347582	0.172819034
cg02156870	0.61008294
cg06268921	0.450482907
cg09664373	0.814174317
cg08814405	0.324781131
cg19870698	0.22082442
cg12777520	0.33541328
cg16357224	0.147747101
cg22749642	0.741525087
cg09780180	0.750569446
cg14251009	0.485742555
cg23068621	0.321215569
cg09250933	0.560018072
cg19232929	0.672444212
cg26864714	0.781785943
cg02083836	0.34030971
cg15949044	0.513864688
cg15095922	0.117773232
cg24512097	0.550424624
cg09506081	0.542040854
cg07961512	0.625055745
cg18020955	0.460466948
cg27596297	0.611731758
cg01499815	0.218069035
cg13692426	0.646821974
cg24792289	0.161424199
cg26091021	0.32318668
cg27344587	0.520158857
cg25125450	0.552614975
cg26855801	0.1281743
cg25691167	0.293986104
cg15701612	0.297875302
cg13181974	0.123365019
cg21868798	0.563749474
cg07490070	0.674133185
cg11391335	0.657441634
cg08468299	0.925342122
cg14087921	0.816372417
cg14659662	0.466716928
cg08013331	0.324100973
cg24444923	0.18801741
cg27384070	0.875605122
cg23693289	0.031605783
cg15281710	0.488481923
cg12850078	0.065939887
cg04963424	0.680907404
cg10308785	0.411611266
cg07913197	0.310945099
cg07676517	0.383113961
cg13498757	0.166723614
cg27411712	0.610032997
cg26790247	0.654781122
cg01275887	0.876428379
cg18507379	0.10967828
cg15132565	0.471997454
cg23283423	0.736385971
cg09571972	0.636301565
cg23994043	0.589508577
cg03232620	0.714162302
cg22982368	0.161547242
cg09941406	0.232662392
cg19738283	0.138711251
cg18129748	0.227730927
cg06783429	0.572527831
cg23352146	0.367418091
cg23979631	0.401428516
cg18658556	0.372125264
cg11209832	0.461647833
cg06212224	0.389770349
cg22720392	0.649103775
cg06912966	0.221148315
cg19811337	0.38144406
cg20007021	0.223681612
cg19047660	0.14073781
cg16370398	0.449493854
cg26330116	0.352030773
cg12280242	0.784471749
cg18759102	0.499203679
cg20114732	0.116104279
cg06666175	0.552277836
cg21293562	0.833457246
cg03726556	0.491539982
cg26940676	0.78558775
cg18091046	0.6456235
cg15126975	0.238093028
cg15690347	0.280857289
cg17002851	0.60254259
cg04494562	0.777605336
cg20974609	0.644661902
cg22747076	0.08634224
cg07324702	0.63530165
cg12600174	0.050497478
cg23204968	0.525225303
cg09597070	0.677690391
cg15126544	0.033488989
cg11214757	0.356766467
cg14472366	0.457329795
cg19923650	0.218677303
cg03816707	0.365158171
cg09825979	0.526140723
cg20792436	0.666761255
cg19780308	0.894766745
cg07704934	0.448498349
cg07851675	0.388974205
cg20399616	0.154334527
cg08939850	0.502043233
cg07930539	0.688218977
cg01252526	0.34747368
cg15153141	0.489529007
cg25181170	0.509474507
cg03084949	0.31618124
cg03344332	0.612095315
cg18414021	0.533798461
cg13023870	0.463308479
cg08823110	0.227558169
cg04027043	0.231915097
cg26232247	0.348766263
cg08308801	0.589920612
cg16814680	0.511130006
cg23055217	0.427803767
cg00253658	0.626110707
cg02371631	0.651306503
cg03290530	0.482522816
cg13995854	0.40141305
cg00186529	0.539562813
cg05164634	0.41403019
cg10536999	0.292663963
cg19509393	0.456964807
cg04813880	0.232000519
cg00651497	0.283363492
cg13354988	0.259975257
cg15022051	0.700588307
cg00803453	0.198480518
cg16017144	0.13482133
cg27117509	0.643312798
cg07992457	0.685556231
cg05317714	0.127934124
cg04648480	0.414794907
cg10526277	0.440746995
cg14088921	0.33922808
cg07810469	0.670729607
cg07135032	0.459516436
cg05592035	0.473310686
cg26328335	0.41257308
cg15709989	0.510436066
cg25217276	0.217613633
cg01323148	0.227265799
cg03053579	0.30824982
cg21690450	0.55713943
cg14556762	0.45371762
cg10799055	0.116184341
cg16973527	0.140851163
cg26309929	0.662285962
cg16306978	0.560052344
cg11566394	0.210103927
cg04707519	0.636020606
cg03107235	0.23230367
cg12967164	0.758938171
cg09533868	0.885585333
cg07362168	0.17991173
cg15666214	0.418290057
cg21491443	0.489646065
cg23840219	0.253270924
cg16786808	0.733729771
cg19778375	0.840023962
cg25809561	0.764572008
cg24922129	0.121149919
cg13936452	0.438955477
cg16639311	0.450827163
cg06523224	0.154149049
cg13899718	0.206547809
cg10062193	0.442334915
cg09791746	0.268166472
cg24924502	0.674399205
cg03248767	0.656160549
cg02624701	0.600655898
cg11492886	0.47814594
cg18495484	0.532989038
cg09667289	0.650510955
cg16425038	0.458270565
cg12002589	0.3875634
cg07005055	0.164169451
cg06528559	0.51981562
cg20641465	0.130948116
cg11303839	0.502826654
cg16115627	0.532742243
cg06579465	0.558423889
cg06008926	0.134690596
cg01558960	0.355954933
cg01141459	0.493937479
cg09390241	0.851512147
cg08965888	0.251226698
cg10755235	0.253247424
cg24210280	0.92481092
cg16078649	0.413986879
cg15451258	0.392270649
cg03518729	0.590761744
cg04549333	0.409980401
cg22604316	0.311949769
cg11333375	0.68649916
cg01135464	0.560328128
cg06141846	0.388016601
cg16942223	0.58253318
cg01064265	0.422444278
cg00916635	0.581766595
cg08632388	0.292594877
cg12730047	0.501613747
cg23894854	0.581947251
cg08123444	0.492141158
cg01864230	0.670252559
cg22210627	0.44644641
cg22888958	0.304439487
cg08013557	0.266632739
cg24437715	0.172498518
cg11478200	0.221662079
cg21359747	0.127638587
cg00084338	0.390772195
cg15902390	0.55369168
cg27290624	0.054396213
cg26709988	0.770650149
cg08233811	0.424854587
cg08307030	0.233023886
cg11554566	0.480101098
cg06163411	0.575051577
cg00664697	0.17096175
cg13400512	0.458427357
cg14216068	0.517769997
cg18456803	0.364189912
cg24658517	0.596405172
cg13993183	0.506519666
cg19053239	0.12505346
cg13100449	0.704173153
cg12029639	0.396157417
cg25534244	0.498518312
cg04954111	0.574792824
cg00503383	0.11867584
cg04768602	0.242600167
cg13593391	0.427612746
cg01574513	0.556468657
cg01764252	0.263732466
cg04680436	0.812779136
cg16501237	0.497739334
cg14223293	0.33532169
cg16908257	0.480869145
cg22344703	0.166624908
cg09173621	0.829330792
cg10426234	0.931162239
cg11139090	0.266140777
cg16959787	0.180177169
cg08480996	0.657352925
cg17353412	0.52242458
cg05283521	0.892236497
cg10005224	0.42388406
cg08144675	0.598617258
cg00087792	0.409354987
cg20415947	0.529871532
cg10770023	0.442531536
cg11601254	0.6793512
cg25371919	0.586801602
cg04058685	0.666801496
cg26305817	0.370404079
cg03048654	0.130315366
cg21579274	0.376693453
cg19828789	0.45898449
cg02969141	0.303090446
cg02925367	0.517249109
cg02487130	0.358338312
cg12038696	0.250717528
cg14315334	0.78711603
cg01516851	0.340461788
cg24620761	0.567241024
cg02338778	0.335984831
cg23194926	0.523675444
cg11229543	0.268064074
cg25510609	0.072417001
cg00098144	0.38992003
cg11528176	0.321457914
cg14947429	0.418565902
cg13826247	0.65197769
cg18008019	0.292486732
cg14791525	0.489721495
cg19697239	0.281177591
cg03143164	0.127327427
cg13207326	0.599529684
cg11422851	0.523848416
cg08668199	0.192754614
cg00934355	0.589250548
cg12523932	0.285582678
cg01363714	0.252380043
cg22457769	0.45558941
cg26251325	0.255174943
cg11026555	0.127652518
cg22254463	0.290254057
cg14672084	0.634601556
cg22732636	0.479909149
cg01650818	0.24108462
cg17022362	0.439632126
cg03738707	0.426756881
cg02632490	0.527865832
cg07749442	0.909879434
cg20852226	0.365304749
cg10249375	0.059793569
cg00025647	0.149470063
cg17966560	0.63471843
cg02184010	0.57713577
cg06530338	0.137355809
cg08139247	0.365111131
cg18733230	0.834581478
cg22851944	0.357712815
cg24161057	0.451764224
cg01901262	0.311488976
cg26799209	0.198248957
cg23019886	0.417448901
cg23773946	0.519686366
cg24753760	0.515153026
cg23482427	0.322957528
cg24192660	0.606569594
cg14263391	0.341820276
cg26695123	0.558866374
cg06496728	0.541023252
cg07752120	0.507043364
cg19127638	0.714705981
cg21435684	0.058643649
cg09462924	0.121602775
cg09088153	0.55888674
cg20591407	0.522873104
cg04184019	0.296274081
cg06879394	0.822057524
cg09240763	0.47549715
cg08879470	0.221777457
cg01883155	0.562991147
cg12564567	0.379783501
cg06192497	0.184283584
cg18167466	0.44195512
cg03163459	0.336491913
cg23905789	0.377223352
cg26348487	0.196573548
cg00723994	0.807273277
cg23972738	0.185479097
cg19735538	0.368913468
cg24937727	0.165487077
cg19047265	0.7187943
cg00567703	0.388208642
cg19669385	0.857603358
cg06410057	0.253215499
cg04383154	0.805528928
cg03175771	0.335337592
cg13166642	0.45476339
cg04938549	0.183945594
cg04522310	0.087696599
cg01689438	0.24983117
cg01440489	0.460571973
cg22473770	0.574782705
cg11417653	0.023615851
cg26579713	0.630122365
cg03188948	0.498577795
cg12690127	0.543425215
cg20821566	0.590613245
cg16616514	0.692657919
cg02317299	0.166952504
cg24202221	0.636597652
cg06201680	0.106957418
cg18805164	0.185926324
cg06375967	0.150224206
cg20806180	0.355610734
cg25942990	0.694333306
cg00316839	0.354861733
cg04370442	0.593125755
cg18404706	0.357787984
cg01196788	0.312691169
cg22076311	0.213705164
cg00061629	0.666151623
cg15278262	0.227620535
cg11426075	0.149298789
cg10385290	0.890101615
cg13943068	0.337049591
cg23068939	0.654484116
cg06211550	0.378149566
cg01515802	0.278508753
cg18363918	0.230370922
cg17941572	0.426745246
cg12648201	0.626702361
cg22316614	0.352436651
cg05667348	0.129704399
cg08893692	0.325399007
cg12378187	0.290032704
cg08141395	0.123581918
cg26345613	0.777392101
cg19033654	0.118112684
cg04068980	0.258332359
cg19987768	0.269760678
cg03599812	0.676717921
cg02630214	0.635682696
cg20196537	0.540775426
cg13545297	0.766580617
cg15320905	0.720504273
cg07816687	0.30655851
cg18322510	0.607865025
cg08707963	0.91639148
cg01999051	0.453914059
cg08278108	0.205828318
cg05588903	0.743945228
cg09868780	0.424323627
cg08079908	0.411108811
cg08880849	0.519670685
cg08973950	0.583785488
cg12864721	0.624947564
cg27019717	0.579707276
cg15590989	0.503189973
cg13527872	0.286424238
cg18645081	0.513701958
cg01530101	0.271972582
cg17247873	0.74618311
cg06573604	0.180512711
cg02164574	0.449789266
cg08297751	0.458019293
cg08428188	0.491858103
cg27501759	0.115360616
cg15733882	0.383248159
cg10688297	0.851193812
cg09232555	0.344951248
cg25451958	0.124261225
cg18631798	0.302113159
cg03260566	0.050821114
cg07068674	0.266568625
cg01321962	0.595270548
cg10313385	0.212840848
cg18680977	0.577431014
cg17799946	0.350238743
cg26256223	0.23165154
cg20171396	0.443734261
cg13951697	0.591516515
cg25460753	0.177427499
cg14239515	0.249951063
cg21836903	0.261390168
cg24314564	0.584392434
cg02575448	0.285418431
cg16877681	0.157444965
cg01413054	0.179056524
cg22529990	0.422123324
cg13278353	0.49952288
cg14362630	0.080480874
cg13398482	0.216181281
cg25916711	0.106626886
cg12869334	0.711464652
cg05373251	0.576879909
cg00852595	0.534813329
cg15916160	0.60429015
cg07233230	0.463628882
cg15229245	0.466006662
cg26635451	0.769235443
cg08586426	0.70457071
cg15744668	0.176120912
cg01094309	0.769647959
cg23618344	0.41077435
cg13935437	0.394012017
cg08965685	0.48742713
cg23712018	0.130585598
cg23244761	0.360972234
cg25430192	0.392101928
cg14875327	0.401598866
cg19534681	0.333761192
cg14435644	0.166740781
cg08286181	0.404116721
cg06385583	0.273091688
cg13786863	0.209061233
cg09745958	0.546629996
cg01313904	0.089569854
cg26053832	0.571265253
cg15123692	0.082328027
cg02469909	0.278736964
cg05483731	0.487401999
cg03426023	0.542070305
cg05760765	0.522905606
cg25639415	0.336076065
cg12391352	0.050766954
cg03144922	0.497357202
cg06247406	0.489732941
cg10946576	0.64679561
cg10805039	0.317383605
cg19714279	0.167391844
cg24357463	0.697474463
cg09323395	0.65244973
cg02748089	0.348570921
cg21575509	0.187369177
cg06274159	0.272313921
cg18537730	0.293110229
cg19112895	0.197167914
cg05939970	0.26483233
cg10043037	0.228189632
cg10397934	0.593406015
cg06693983	0.264254731
cg12500731	0.817962796
cg16400631	0.530554824
cg21724239	0.736207758
cg00074145	0.320556843
cg13818424	0.56822592
cg16653138	0.32101791
cg09719124	0.568166219
cg05850327	0.314951279
cg05038268	0.332582541
cg07173635	0.285349526
cg14487292	0.204336482
cg19858214	0.306511948
cg23087153	0.523475038
cg04299200	0.65784227
cg01629716	0.27135853
cg26966828	0.420196928
cg17017189	0.336288732
cg17466857	0.154356774
cg01665555	0.230278374
cg21565960	0.645766612
cg24759348	0.607858967
cg08871964	0.195191897
cg14201424	0.710141638
cg13096007	0.110850263
cg09335713	0.430810126
cg27297441	0.394042568
cg12145907	0.532737012
cg19888509	0.403992531
cg13343687	0.406256693
cg26708220	0.525377912
cg10414985	0.307754053
cg04704531	0.544428211
cg09557462	0.462851001
cg08549335	0.425253107
cg21497990	0.524401346
cg06546806	0.086594792
cg19518104	0.532633506
cg13945749	0.762682939
cg01102073	0.582634202
cg24112562	0.423594806
cg10587183	0.462523247
cg03858673	0.29330482
cg16215422	0.300347467
cg27387705	0.902330494
cg06609094	0.579777988
cg07406191	0.503636715
cg26942432	0.72145081
cg10146929	0.275245437
cg00698204	0.372200008
cg25458175	0.147126259
cg20008148	0.330494652
cg16101008	0.619551491
cg16406967	0.570188988
cg06973595	0.072605235
cg21691367	0.317374025
cg00032912	0.74814177
cg01476568	0.127093325
cg25538415	0.539199465
cg16236270	0.684351329
cg15810758	0.263877257
cg14775296	0.511412781
cg23426945	0.419062364
cg16513459	0.477319218
cg06062378	0.546297639
cg19798702	0.439395303
cg10956848	0.829143812
cg05207834	0.110352145
cg02423318	0.136621677
cg10389262	0.68788233
cg10427452	0.211562003
cg20064139	0.682141167
cg11875044	0.610999857
cg01550716	0.277284791
cg05317090	0.357612195
cg26876974	0.15123784
cg03103218	0.236693134
cg17829746	0.571954181
cg15552158	0.283525625
cg14482968	0.480129653
cg09849405	0.168445103
cg01940181	0.318752603
cg00768993	0.178457298
cg04654299	0.515420789
cg17609158	0.214613018
cg24377694	0.674270329
cg05728019	0.172294209
cg07613752	0.362917695
cg01457778	0.514700657
cg19112186	0.462527804
cg03361164	0.412985604
cg00856041	0.374994139
cg06596654	0.200055103
cg25286482	0.488307532
cg02723558	0.657831775
cg05982460	0.927409379
cg16479539	0.109453846
cg21217423	0.36053464
cg07537739	0.414967555
cg00092518	0.263666092
cg26668129	0.444193179
cg07155223	0.153533902
cg10800464	0.140426651
cg17209188	0.546006911
cg17404449	0.719343169
cg02395917	0.650365441
cg04110886	0.899514314
cg20403938	0.341013434
cg11639815	0.424259446
cg19187831	0.261316543
cg04021697	0.094372403
cg05060949	0.122752982
cg19474047	0.353024319
cg25143990	0.149174558
cg09328979	0.471042574
cg26470798	0.47290597
cg06133145	0.583167024
cg05890377	0.443715184
cg07687354	0.451615775
cg10281002	0.284238123
cg07544796	0.417486969
cg18692070	0.323873323
cg04489012	0.146938654
cg15642673	0.650280752
cg12378888	0.173174786
cg00300794	0.525760012
cg09377823	0.841111117
cg23024136	0.198778309
cg04436383	0.576422945
cg23916896	0.625619391
cg20391567	0.519960715
cg00944631	0.552206084
cg07029873	0.218478705
cg11179081	0.247910646
cg21986027	0.657516155
cg27206295	0.472473579
cg00381745	0.564017072
cg00870269	0.751985315
cg00618312	0.722587555
cg05693331	0.389277821
cg11211563	0.735154301
cg21113740	0.372006746
cg15996480	0.227116424
cg03521774	0.507965722
cg00510718	0.600266844
cg16235582	0.465483564
cg20181887	0.617608763
cg21646955	0.523960287
cg22280475	0.327504849
cg07802350	0.183574714
cg25913520	0.208889616
cg14189391	0.920427433
cg27132471	0.423378092
cg07636194	0.141130239
cg24587601	0.624743717
cg03924566	0.241454213
cg05595191	0.722939634
cg22193912	0.274184851
cg24720688	0.320617413
cg12041387	0.363909064
cg22800743	0.505911358
cg24550112	0.418019607
cg08898155	0.352192624
cg14512563	0.317144175
cg17495087	0.167533216
cg19821361	0.308981464
cg03012726	0.193791875
cg27610821	0.256935605
cg22155376	0.910027928
cg08184792	0.068958371
cg04787024	0.10003474
cg05489292	0.638279836
cg18877525	0.663255871
cg25334934	0.685438533
cg02025737	0.61151134
cg04484550	0.546876358
cg15279308	0.496252777
cg06984848	0.438269422
cg09010107	0.613836939
cg19598416	0.255895709
cg03486485	0.263960933
cg04956511	0.6479516
cg14676272	0.860709202
cg06916001	0.418273371
cg07124687	0.202306764
cg17172308	0.112125508
cg07679948	0.791936844
cg09899173	0.124683036
cg10978355	0.123359121
cg19923238	0.78252485
cg05163329	0.435414936
cg17809748	0.439637023
cg17449954	0.266257988
cg16810279	0.587779142
cg12804791	0.217403096
cg22961457	0.179903471
cg13029400	0.303939186
cg04986899	0.539471681
cg11375458	0.416065034
cg08351100	0.501718175
cg03522971	0.925480431
cg06060522	0.583968131
cg24526103	0.496389101
cg15384383	0.229241004
cg06395298	0.567459747
cg06279276	0.166522185
cg13492692	0.364204731
cg24354581	0.31667728
cg00848374	0.459648162
cg04328477	0.467952123
cg27109600	0.36401534
cg09285851	0.594874598
cg06428620	0.32645451
cg07990390	0.746196147
cg16345114	0.667857688
cg03407747	0.326043185
cg11064034	0.163500035
cg16991515	0.179782141
cg24866923	0.519522693
cg06478504	0.533740696
cg04131969	0.452742599
cg06180910	0.564840343
cg11784799	0.466645768
cg03961510	0.763994861
cg26348348	0.169258654
cg17642369	0.285596019
cg00208274	0.581742722
cg18576957	0.56087169
cg06382344	0.049482613
cg12974388	0.038692066
cg19793499	0.641316358
cg11945507	0.606072322
cg19120717	0.23722699
cg17818471	0.716712246
cg14258623	0.217306865
cg04487296	0.496635803
cg24332783	0.723944179
cg17737409	0.680173263
cg11625005	0.376598744
cg02599498	0.504095919
cg26299044	0.440532374
cg19989295	0.399085899
cg08718098	0.693942059
cg13331196	0.191083473
cg24436715	0.674236753
cg06602086	0.380754524
cg25508319	0.53416485
cg12670347	0.449358171
cg18082788	0.194567545
cg09651522	0.543269679
cg20285974	0.891714439
cg13941978	0.60859339
cg13161113	0.649166419
cg15650509	0.095393738
cg20432211	0.308244606
cg09405635	0.540647241
cg08041408	0.826587057
cg10682155	0.073016648
cg12455762	0.398028582
cg14482313	0.255685897
cg10127554	0.669400428
cg11223933	0.370767997
cg15825116	0.188907882
cg14157435	0.605733103
cg02737268	0.545997166
cg15649236	0.574492362
cg13551535	0.908754421
cg12297590	0.335543382
cg03740978	0.065498059
cg06221449	0.621773366
cg26019295	0.631842858
cg12606911	0.406943965
cg06014958	0.32109759
cg26347197	0.547149987
cg00428457	0.722641186
cg01543184	0.350520119
cg14189142	0.892334387
cg15532640	0.564618941
cg14594187	0.090099879
cg04556126	0.592927029
cg16452866	0.878839739
cg25425140	0.597871683
cg00270625	0.520391815
cg10786876	0.871052334
cg16654610	0.655834876
cg09758420	0.289117837
cg05021643	0.430009134
cg12314682	0.843998676
cg00044796	0.164887462
cg18735956	0.315871169
cg17061156	0.876512908
cg07003587	0.325862591
cg13246235	0.174054309
cg10118513	0.047672649
cg23806894	0.322040173
cg08355260	0.396300476
cg17943647	0.595120521
cg03274456	0.60185679
cg24753662	0.15524994
cg09993145	0.627329123
cg08390877	0.309539912
cg06246357	0.269793272
cg10444255	0.579758357
cg23098068	0.593158152
cg23192403	0.679014029
cg00292073	0.9007356
cg16827475	0.119124375
cg15928680	0.594582261
cg11487526	0.070687312
cg24994127	0.357011256
cg11955878	0.504252847
cg23563014	0.395633504
cg09871315	0.586248473
cg06065125	0.118492034
cg08657654	0.490678397
cg00907288	0.162847208
cg04528477	0.282039919
cg20341836	0.396323853
cg11615607	0.818376755
cg05297854	0.154449577
cg07080653	0.36894693
cg05884870	0.448637907
cg17736443	0.08227882
cg09069072	0.573613257
cg23947326	0.147694992
cg08889009	0.329270499
cg02983911	0.625676925
cg18361098	0.243505445
cg01024444	0.382216925
cg22401835	0.824194625
cg00287974	0.2707743
cg19014335	0.366220614
cg20175702	0.23418825
cg18705773	0.12361289
cg08031151	0.13674847
cg01942558	0.375815953
cg13830619	0.753127202
cg26466587	0.187015331
cg01360054	0.296663788
cg17922359	0.245856906
cg03650946	0.476068855
cg16041686	0.26757523
cg23480730	0.429430396
cg19093370	0.434533677
cg13009608	0.36611812
cg01295339	0.145112874
cg21912060	0.444274566
cg01303372	0.331736649
cg25426815	0.252643922
cg15416643	0.340294958
cg05056638	0.466815382
cg17737681	0.194504009
cg02178763	0.302845555
cg22474464	0.046674685
cg09074856	0.393454227
cg01044293	0.667940272
cg17469359	0.513496244
cg01280881	0.534699851
cg07996594	0.48904942
cg20589862	0.377951751
cg12813394	0.66086382
cg12492345	0.190659829
cg10501210	0.858456343
cg22400059	0.599144924
cg19795556	0.503291733
cg01327202	0.453658907
cg18501555	0.340006467
cg02227188	0.463411006
cg01602153	0.279860447
cg24298539	0.734821972
cg16179125	0.077063906
cg13225830	0.714967419
cg14780466	0.480162905
cg07914866	0.306694704
cg23676302	0.624692252
cg26732615	0.656187058
cg22945413	0.512693347
cg03133735	0.58658546
cg24813176	0.256656223
cg20778600	0.436189228
cg21010202	0.862691042
cg21442271	0.630888646
cg21100077	0.394771289
cg14391419	0.654744663
cg16017089	0.249250965
cg18450582	0.529622841
cg16509851	0.143104107
cg10159630	0.57542526
cg00802903	0.42691252
cg26872028	0.360589702
cg00601042	0.228734131
cg22711676	0.241799322
cg25486143	0.110918693
cg25266629	0.09999473
cg23066280	0.235401042
cg27013526	0.576908029
cg13555354	0.307083791
cg05048976	0.256199141
cg18692149	0.103021181
cg12741994	0.325165368
cg08680048	0.064917375
cg07687131	0.133130734
cg21342910	0.118970212
cg10210594	0.144832989
cg15732840	0.809264663
cg26724949	0.222274414
cg08190928	0.330926046
cg13030790	0.523885929
cg17484733	0.520029663
cg22797031	0.88832351
cg14654468	0.434264553
cg01708273	0.416121429
cg02051771	0.306188268
cg24181266	0.170317472
cg07159758	0.703830986
cg18286501	0.089317481
cg06715136	0.570132527
cg09856068	0.113179519
cg19522511	0.69555943
cg16547579	0.30023926
cg14225031	0.42996608
cg05155840	0.214438691
cg16663419	0.738671052
cg04092800	0.447596466
cg15623175	0.353689378
cg02740007	0.345571699
cg08004073	0.566828273
cg01924952	0.646268279
cg16276063	0.244809525
cg10327440	0.461357346
cg01089319	0.358021218
cg24704287	0.200068827
cg05551825	0.290356952
cg15083233	0.338826329
cg15077193	0.459731621
cg04228935	0.285748909
cg26055747	0.549732763
cg26303165	0.166427779
cg10268509	0.674507447
cg03309253	0.135465045
cg06419732	0.270942878
cg23930856	0.054552688
cg27140058	0.233235981
cg12444411	0.611311092
cg03774463	0.416579767
cg02296931	0.329246455
cg00335715	0.401012109
cg06585708	0.196790763
cg04904385	0.599711253
cg06460587	0.692179381
cg26537478	0.318741283
cg14996220	0.156258243
cg01163842	0.059682565
cg12818596	0.250942019
cg22108469	0.383178176
cg27365701	0.17991499
cg13891768	0.555244181
cg01224520	0.400509527
cg00675891	0.542681754
cg13755873	0.345667274
cg06829686	0.233297802
cg21198550	0.244301208
cg15691862	0.55588338
cg06088745	0.563660127
cg07241084	0.205037506
cg26370729	0.146616229
cg13214190	0.611924238
cg25782229	0.287971411
cg12975230	0.051543059
cg19274341	0.481103957
cg10091866	0.496143639
cg17774559	0.276432253
cg09106231	0.544538973
cg24110050	0.186051542
cg19418458	0.531618022
cg14602530	0.583331525
cg02433266	0.4093978
cg16824643	0.499054456
cg20107996	0.725569087
cg26286839	0.401033641
cg16327891	0.325444878
cg04129469	0.464290462
cg17133045	0.455583659
cg11526413	0.821652391
cg07393734	0.184384239
cg03373714	0.658781942
cg18540674	0.203047331
cg26695758	0.838013959
cg25308354	0.92205574
cg22851420	0.388901579
cg07472199	0.789859249
cg14534144	0.757772352
cg23302570	0.303279061
cg17486860	0.184993765
cg06188545	0.500972398
cg14573833	0.64089571
cg06638795	0.642934836
cg17479716	0.623197361
cg01104724	0.248770088
cg21932416	0.469972684
cg03458172	0.390386463
cg10249224	0.529873286
cg23954787	0.383191695
cg27011480	0.099764878
cg06433467	0.253701271
cg04406111	0.634282874
cg20524271	0.072961726
cg12195238	0.345713495
cg07297896	0.470087197
cg18525352	0.172860892
cg01373444	0.681816916
cg06215569	0.188373977
cg15745284	0.835791948
cg23634124	0.20088837
cg03500965	0.539222396
cg04286194	0.600099818
cg20501518	0.210640612
cg15556943	0.297462113
cg26764761	0.558754169
cg12790874	0.183369792
cg23010507	0.67704309
cg04105511	0.610125822
cg00601836	0.589646692
cg14395444	0.535627081
cg03889013	0.251157763
cg09320190	0.338639213
cg25845367	0.291804208
cg15038286	0.370326334
cg12506930	0.210549531
cg17066349	0.452891928
cg14500486	0.673028707
cg06622151	0.318568625
cg22642485	0.532396347
cg15751452	0.220007362
cg08384314	0.075542711
cg02455706	0.652967601
cg02061820	0.230268694
cg02098752	0.21617786
cg03781931	0.521301057
cg24698211	0.337082342
cg00914726	0.49250865
cg12821804	0.312007224
cg12143789	0.147681796
cg04719903	0.089139549
cg21982455	0.466731997
cg13033578	0.553498006
cg22991320	0.361754723
cg01638225	0.91210695
cg12976081	0.425524459
cg00329300	0.391464222
cg08241360	0.542942389
cg09199014	0.666530587
cg18645642	0.590207478
cg12934366	0.36331465
cg17131553	0.635232723
cg12196045	0.454701202
cg08582485	0.306109677
cg21908110	0.513134266
cg04828133	0.083326343
cg14185918	0.370219038
cg00918522	0.410451861
cg24722950	0.553219602
cg02288088	0.219301846
cg07093324	0.523450442
cg13716585	0.63347076
cg13019491	0.248040251
cg07041999	0.16771139
cg16042259	0.411085165
cg10852861	0.51355313
cg26976208	0.641601403
cg04389398	0.612885385
cg23478547	0.709141769
cg15336243	0.3950988
cg16091952	0.69789003
cg09307788	0.509048037
cg12309653	0.50629892
cg03707308	0.371981646
cg17124224	0.123230582
cg19718309	0.147869571
cg14542554	0.651904401
cg23444004	0.94084131
cg09451457	0.243362163
cg14144305	0.531133158
cg14602220	0.736057275
cg26584545	0.431634138
cg12056017	0.657120209
cg16626067	0.323314544
cg10659805	0.670513754
cg19193931	0.442789972
cg25594736	0.515154428
cg19623418	0.285198242
cg02938601	0.259074563
cg00438740	0.768429325
cg02805665	0.589704624
cg03330490	0.601378742
cg21502476	0.487418488
cg21443699	0.531561628
cg23300486	0.929798661
cg08535474	0.354025516
cg17760405	0.241990009
cg17178900	0.821021959
cg11310863	0.511800337
cg16677019	0.554200765
cg16448058	0.202515962
cg21811204	0.728533892
cg10236452	0.071987313
cg25863289	0.591830989
cg17083323	0.244192235
cg14277925	0.279038613
cg00339682	0.370706106
cg22855860	0.260834075
cg13537353	0.3404527
cg06844526	0.483113419
cg19893473	0.605372515
cg09010067	0.883039438
cg21127079	0.706491803
cg01627823	0.142945028
cg17454263	0.456836346
cg14704669	0.620684491
cg02803819	0.586888982
cg13307782	0.691006016
cg10548163	0.603627942
cg08886823	0.431904301
cg10812186	0.271413762
cg08124030	0.41461212
cg24114556	0.44771055
cg17480077	0.328335462
cg24113818	0.559509485
cg10681804	0.860768632
cg07639376	0.539410541
cg10511890	0.831675087
cg01337391	0.46261737
cg08149193	0.392681743
cg25379954	0.53665609
cg18235734	0.185744515
cg25906442	0.400682459
cg00737571	0.178821334
cg02887841	0.137680929
cg18148349	0.697478122
cg27032146	0.237179866
cg23164183	0.068346645
cg14260073	0.232279602
cg08574915	0.556641741
cg02707176	0.69875577
cg01376826	0.326294267
cg09414535	0.579085981
cg00630724	0.081164313
cg04922015	0.809945914
cg10419295	0.829297285
cg18058747	0.1633855
cg01087463	0.44228529
cg25508679	0.198359414
cg14789818	0.510203371
cg14559259	0.21107026
cg11201447	0.459493221
cg03985727	0.243687337
cg26081974	0.506357529
cg22118524	0.143353187
cg14614643	0.550573463
cg16435779	0.320248206
cg17303756	0.080996457
cg17851657	0.141141782
cg09388140	0.311702476
cg05437476	0.717484978
cg04457979	0.220517693
cg14384158	0.42778785
cg15735417	0.583017971
cg00907810	0.709717055
cg06919440	0.301785672
cg26195178	0.195400543
cg15199678	0.303215708
cg17144149	0.564842369
cg08938793	0.35597744
cg24725522	0.322916132
cg18202521	0.294606628
cg16760130	0.767175181
cg16520685	0.452360726
cg22621867	0.099413557
cg21790626	0.062009989
cg14750948	0.397248729
cg07721569	0.185529672
cg19759481	0.34714342
cg21143896	0.593997389
cg14305278	0.249932786
cg16756243	0.443655089
cg26099834	0.339790896
cg00991994	0.555577078
cg12050271	0.241447304
cg16589299	0.146541483
cg02987928	0.290146483
cg21074766	0.695668097
cg14027288	0.364296485
cg11746813	0.1805097
cg01175020	0.292736455
cg14464551	0.832714277
cg26150922	0.679746991
cg13486532	0.161814806
cg16836311	0.24709874
cg07395354	0.274302988
cg21526778	0.841108079
cg02825887	0.396197294
cg00107982	0.138510874
cg03216043	0.477292328
cg04961582	0.520119557
cg23719318	0.069365766
cg23278418	0.562281237
cg19498960	0.32594434
cg02285791	0.463650834
cg18598117	0.406055747
cg26373733	0.148987904
cg11322797	0.560200102
cg09450024	0.293708597
cg03294458	0.47350154
cg12219325	0.242096324
cg13298147	0.591482414
cg08066129	0.403749101
cg09542210	0.126172744
cg08655953	0.57273902
cg05233946	0.445187029
cg08454053	0.215048354
cg15197135	0.563300746
cg02168584	0.436087393
cg19190593	0.549912388
cg03711485	0.378146796
cg27127903	0.534684234
cg11891395	0.177153667
cg19764370	0.726441271
cg14717557	0.440282356
cg04591032	0.14541616
cg19324940	0.212760867
cg26929700	0.545421024
cg05991492	0.560167489
cg08032924	0.220571003
cg27071152	0.23572661
cg21879102	0.353971702
cg27494226	0.494653066
cg26343001	0.751934417
cg15642854	0.281112764
cg16940012	0.520173755
cg09782540	0.492046647
cg01577475	0.452621082
cg05257202	0.607339049
cg17709804	0.302908487
cg23601397	0.310702958
cg19552640	0.508924208
cg09380805	0.421240552
cg15198235	0.20679681
cg03408619	0.564826727
cg16695576	0.450093351
cg06668065	0.74866369
cg18972885	0.421048618
cg21015470	0.492338563
cg00792424	0.25031073
cg23978242	0.356556526
cg21937377	0.791555852
cg06061257	0.417990487
cg22121557	0.44335785
cg12444736	0.671410176
cg04908380	0.446004228
cg18318878	0.263539279
cg05996795	0.123318841
cg17202519	0.468887104
cg19836199	0.468063815
cg06796779	0.552400092
cg16043651	0.368765849
cg21213593	0.243508539
cg01887995	0.308374169
cg09216670	0.373291381
cg08467103	0.226162335
cg13083037	0.780941524
cg11408395	0.866737871
cg03669782	0.274594302
cg25134306	0.417242541
cg11113469	0.541703404
cg23264547	0.531778106
cg21063722	0.157789746
cg08061598	0.412479368
cg10003032	0.248142655
cg22280238	0.656914283
cg11669516	0.495863318
cg21999939	0.122711489
cg26365847	0.709886566
cg26315984	0.415247148
cg06786372	0.617320462
cg12308746	0.332132334
cg04453124	0.638875388
cg05633070	0.923085621
cg03381704	0.481008049
cg00126148	0.304847029
cg25052456	0.227785319
cg08367801	0.514144772
cg04154027	0.294752457
cg10949007	0.217723229
cg21228424	0.732137214
cg08103988	0.409746111
cg09265054	0.791612259
cg07716408	0.572541417
cg27104173	0.769106698
cg00918181	0.403850665
cg26104752	0.090508295
cg08106706	0.406114884
cg19942083	0.33261976
cg21642103	0.398639058
cg12072262	0.729688687
cg23754320	0.530394928
cg25365934	0.197343647
cg06254440	0.334078532
cg16047279	0.59233689
cg00998124	0.411219167
cg11800620	0.384423664
cg22189786	0.473358756
cg12538674	0.438769074
cg02293118	0.108837266
cg01014615	0.46650749
cg06106599	0.438957777
cg10501093	0.459727666
cg17771031	0.197792569
cg12200038	0.079464606
cg20765408	0.322409002
cg09503596	0.271120163
cg00199007	0.282988678
cg04166294	0.639716788
cg06374962	0.332531478
cg00805880	0.671129662
cg11560600	0.440210877
cg16537224	0.606522242
cg12427162	0.618716983
cg09017928	0.416861929
cg25340966	0.364151248
cg27530186	0.664249028
cg07211140	0.115357631
cg00121876	0.514650463
cg01357135	0.48625375
cg18729298	0.260948866
cg05799507	0.12632223
cg11753158	0.29894072
cg10854819	0.522457254
cg20512711	0.402861013
cg26570179	0.150046684
cg07248223	0.69406993
cg00924004	0.148540943
cg27180868	0.444053826
cg09734394	0.286340941
cg16312002	0.661762838
cg02085507	0.390748425
cg24245601	0.648745443
cg18741404	0.279197293
cg24024036	0.83868855
cg00862376	0.150919637
cg15772924	0.302188065
cg01544903	0.078329202
cg22070991	0.31314826
cg00569276	0.773229749
cg04065086	0.422195726
cg14370520	0.520586148
cg01221209	0.780980366
cg03575666	0.413110115
cg20314548	0.606536852
cg02672332	0.707226261
cg13717446	0.146652764
cg04022561	0.334503819
cg17759252	0.675665174
cg19456540	0.128094484
cg06802630	0.627403458
cg01581084	0.721414386
cg01818776	0.582586175
cg21146184	0.21669991
cg03074188	0.611124816
cg11806439	0.83491922
cg24914355	0.241537183
cg01560873	0.520738791
cg17454831	0.137748177
cg17746570	0.428353863
cg07162000	0.58493683
cg08302302	0.549302634
cg14044640	0.084117925
cg17526103	0.323232471
cg06957447	0.460053369
cg16987900	0.338757666
cg23591463	0.226347752
cg22231101	0.617964332
cg18588323	0.360632194
cg17003260	0.246113166
cg09382096	0.164558831
cg10243459	0.946812894
cg23289079	0.800696731
cg07598052	0.357287475
cg16531209	0.493328064
cg01152056	0.197291244
cg13661519	0.654177761
cg07431286	0.599669029
cg18197377	0.607296407
cg09852127	0.306685933
cg00890363	0.407484722
cg26363759	0.319206895
cg07592723	0.424145897
cg07227033	0.519308728
cg23051392	0.374243352
cg05457730	0.318143797
cg26937434	0.669430183
cg15672768	0.503410334
cg22784386	0.446755704
cg08803500	0.062459228
cg06764239	0.186106259
cg05365735	0.641125153
cg24175580	0.900693473
cg25037335	0.706887904
cg21907579	0.449903702
cg09000583	0.035960751
cg13065507	0.314269519
cg19623012	0.223842446
cg08253651	0.223948639
cg03548415	0.529214396
cg03013917	0.551462145
cg17239876	0.788566696
cg05781968	0.135944241
cg02976355	0.332237243
cg15442737	0.399970555
cg06133205	0.534228671
cg26348995	0.811265339
cg25799109	0.499368434
cg20135243	0.14115336
cg16283208	0.233859349
cg26681770	0.816247364
cg09991306	0.753134097
cg25506747	0.36357527
cg15935770	0.546704616
cg20042662	0.717442786
cg23939096	0.606950483
cg23248887	0.173020091
cg23507945	0.663142032
cg01345354	0.893759254
cg07967679	0.299351022
cg17025620	0.327624871
cg04798016	0.504419018
cg17370981	0.521136857
cg18297437	0.316238066
cg09920172	0.28458476
cg15720832	0.520534449
cg13773631	0.389266742
cg00661970	0.399909117
cg18700133	0.47832573
cg17721879	0.63641843
cg12539415	0.716741348
cg10705379	0.330778543
cg10418162	0.374837488
cg10192198	0.523396918
cg01945840	0.845709417
cg19745930	0.386650887
cg12121643	0.170569148
cg16883063	0.860526948
cg05369623	0.588544434
cg16409012	0.337457416
cg10165209	0.573560313
cg05845376	0.780492735
cg25546488	0.496177222
cg25781595	0.415186086
cg25350011	0.341871991
cg08409113	0.40060035
cg27315333	0.271716003
cg15199622	0.627078671
cg22583148	0.495177061
cg01232969	0.243400676
cg12236164	0.300033219
cg12910806	0.654493766
cg26736812	0.213010086
cg08694699	0.471754073
cg24550212	0.508188131
cg03163783	0.627258864
cg03232056	0.330368481
cg04245402	0.364443143
cg08878368	0.622030334
cg13436155	0.446594354
cg14579864	0.304367027
cg25677261	0.61124658
cg13507084	0.358773298
cg01140416	0.397812646
cg19876814	0.313045759
cg03731464	0.343140723
cg00379648	0.153980878
cg26472133	0.067237479
cg00590063	0.497992889
cg26385126	0.720699362
cg15544654	0.14076455
cg24440658	0.533309687
cg16967003	0.295215663
cg15028507	0.756745462
cg08006672	0.745957167
cg18845377	0.082871943
cg22507154	0.558290825
cg16794506	0.13465389
cg02918577	0.246026584
cg23238315	0.378434438
cg21428990	0.539144758
cg11681321	0.504202094
cg22274813	0.30933265
cg03654329	0.545862219
cg08296037	0.485675909
cg04690998	0.576449593
cg17198320	0.661819226
cg09619624	0.422300754
cg03022680	0.499451375
cg24620436	0.875137817
cg21082028	0.289521598
cg22241820	0.503441932
cg25120326	0.598605781
cg21017569	0.624309889
cg05131696	0.436865459
cg25660566	0.204841561
cg10409981	0.656632802
cg19416795	0.570317076
cg04567140	0.716624347
cg04141796	0.402227195
cg05415840	0.542708366
cg15720535	0.542097189
cg20935363	0.303960751
cg26089877	0.669612163
cg23385248	0.387383791
cg11983124	0.639887457
cg08779777	0.697131947
cg13063274	0.608055082
cg10617784	0.318578186
cg15469871	0.468514104
cg25495650	0.69161406
cg07860213	0.126133175
cg04650789	0.299634921
cg03473518	0.401416407
cg15416279	0.237091063
cg07541744	0.785778384
cg14276584	0.477507439
cg05172122	0.613160695
cg24369728	0.472037545
cg25174412	0.243561951
cg21097354	0.643741448
cg00586817	0.600338329
cg19661309	0.718811326
cg00592643	0.40466191
cg10438089	0.324950301
cg00087368	0.465829141
cg16360831	0.612040057
cg17649293	0.362858569
cg06133110	0.320875605
cg10035294	0.13101956
cg04147497	0.631595962
cg17029354	0.37969022
cg24306982	0.360860668
cg15827779	0.217772564
cg10900526	0.61904747
cg25728685	0.153774144
cg11827910	0.397295345
cg25654695	0.465491715
cg18182111	0.398783773
cg05006473	0.810822129
cg21687740	0.484791819
cg21071097	0.271294656
cg14323910	0.264075995
cg18755846	0.281085556
cg15234400	0.486842184
cg19706516	0.194410555
cg02380531	0.121951336
cg01634458	0.215795532
cg00875805	0.151544048
cg04046669	0.416751161
cg10979436	0.212936001
cg04640675	0.088963436
cg09401099	0.077054946
cg01434649	0.32980722
cg08668790	0.165896474
cg22747480	0.878033871
cg08091192	0.349138593
cg04667538	0.672415999
cg22933800	0.409597783
cg09168808	0.607837114
cg14919082	0.40007161
cg14056993	0.706908933
cg15627089	0.343883552
cg13114921	0.531279309
cg21706229	0.58156652
cg24258529	0.73268074
cg10294853	0.685474276
cg10393811	0.391931635
cg21885317	0.872427151
cg13488570	0.038816362
cg09543819	0.459522952
cg05950877	0.128668214
cg13812927	0.365671594
cg00323305	0.112219458
cg16798252	0.474821295
cg20939723	0.151066103
cg06808498	0.378452804
cg16887264	0.050997404
cg06204948	0.501822884
cg25849196	0.358565274
cg26238936	0.518526686
cg24456002	0.459145358
cg10543450	0.496360963
cg14762436	0.487233828
cg25497399	0.233812824
cg13578160	0.555983313
cg25951210	0.563034613
cg13924715	0.516323864
cg04933208	0.044033062
cg05661282	0.084201064
cg11367259	0.489186157
cg09297514	0.182940107
cg12611488	0.695587368
cg04264908	0.033800707
cg15646463	0.591938985
cg03954144	0.572051179
cg14427437	0.142321021
cg10372920	0.354276184
cg12687157	0.433779915
cg14666564	0.262722944
cg27655507	0.560913014
cg20829550	0.574397365
cg04466840	0.284285907
cg09287864	0.486074266
cg07075238	0.370593682
cg24925400	0.350838123
cg23111655	0.590292688
cg20986996	0.504965558
cg26683252	0.567433078
cg07686872	0.325841737
cg22817650	0.85329378
cg10540626	0.416735266
cg02476374	0.581979478
cg05501996	0.417536533
cg03037039	0.5590367
cg26679004	0.347552198
cg03936104	0.540383934
cg24366211	0.188147099
cg05143116	0.105360009
cg14425564	0.57628732
cg06549238	0.524216062
cg12792264	0.487133344
cg03498081	0.238120952
cg25895948	0.146219233
cg22378919	0.527457269
cg09942166	0.788216913
cg07820868	0.163092608
cg07899997	0.41921021
cg07970799	0.642426684
cg15319576	0.266712809
cg16848524	0.303601121
cg23004031	0.423177681
cg15007959	0.180968413
cg20740434	0.099302051
cg09549073	0.343812318
cg10933959	0.52278177
cg23657179	0.802774383
cg15412815	0.688087488
cg08812889	0.41308141
cg15909132	0.51118402
cg07497520	0.582611075
cg13453203	0.446797209
cg16399632	0.611661226
cg19082496	0.465230298
cg00021600	0.762495858
cg16643151	0.252878175
cg16609260	0.175913227
cg17854454	0.231805377
cg15126179	0.339027373
cg07717632	0.199805399
cg13930261	0.263187139
cg15006881	0.450839756
cg14482741	0.132652581
cg13501907	0.533084012
cg06606949	0.427825995
cg21348406	0.671438839
cg01747862	0.510983144
cg11853788	0.49752819
cg21873275	0.756831554
cg12944530	0.085231163
cg02184673	0.286031384
cg22234712	0.333514723
cg21647227	0.215631751
cg11104088	0.401522326
cg27549878	0.399418994
cg07822928	0.270510879
cg09068128	0.935384913
cg24133207	0.285664294
cg13682333	0.396591444
cg17833265	0.311984708
cg12262378	0.396246449
cg17964844	0.403031936
cg20725013	0.490669918
cg27268352	0.444400575
cg16050468	0.390208979
cg04058281	0.512769653
cg12688965	0.449158752
cg26019472	0.695138049
cg10128806	0.298947905
cg16170614	0.495465711
cg02533339	0.282121663
cg03445151	0.414618508
cg20918393	0.153144083
cg25753720	0.491857428
cg27416337	0.640387481
cg12166520	0.485702342
cg00748431	0.673244481
cg09715353	0.31976509
cg09979641	0.611535049
cg18912520	0.571137309
cg04597393	0.863862732
cg11508406	0.643674691
cg07197230	0.51081901
cg01564640	0.882569852
cg17436460	0.530538726
cg25388800	0.345788756
cg15196197	0.407322571
cg19916740	0.275704064
cg14698448	0.59671639
cg19324437	0.154456338
cg14608384	0.080931591
cg20574490	0.45855466
cg01361351	0.30133189
cg21189438	0.039702307
cg09809932	0.092867319
cg06359703	0.142150714
cg26161708	0.38457329
cg02696327	0.415557786
cg11213690	0.185161289
cg13704680	0.472827969
cg15261861	0.413482556
cg05239504	0.5412264
cg21546226	0.801259402
cg04910877	0.595033464
cg21237687	0.27327469
cg09035925	0.476649904
cg17808634	0.810468759
cg01089914	0.408895752
cg08718490	0.500438045
cg11138719	0.802512731
cg03510186	0.55498968
cg15496956	0.557754484
cg14583973	0.816776431
cg21251385	0.15845127
cg06843889	0.204376772
cg02046247	0.620420893
cg04317962	0.112479555
cg04728310	0.298161647
cg03234186	0.173520675
cg08500138	0.58254793
cg26954695	0.72595539
cg08208317	0.334337239
cg24055029	0.291572428
cg17450733	0.55111778
cg13872005	0.39071374
cg27361370	0.491799892
cg21064916	0.247011831
cg24232444	0.600769147
cg17820365	0.122665743
cg12592365	0.459908221
cg12859054	0.689612895
cg27183173	0.629399311
cg20659435	0.693367045
cg07420163	0.151662013
cg27065003	0.482656842
cg09187007	0.161057711
cg13042918	0.894762436
cg00414384	0.427676014
cg00808086	0.689948379
cg25353450	0.388233795
cg11631427	0.251223229
cg07453440	0.539480748
cg07778290	0.875493553
cg04458368	0.379434246
cg10513702	0.103306322
cg11403907	0.355045044
cg03799283	0.643180117
cg21571166	0.590156787
cg09015973	0.237413976
cg27426220	0.158695616
cg05484949	0.545687628
cg22549870	0.147000837
cg26457809	0.476431683
cg01105494	0.12351313
cg02019444	0.502221059
cg27270412	0.348761232
cg18173044	0.574998334
cg03301084	0.275549158
cg08167951	0.432687622
cg03564727	0.558865112
cg11693285	0.253815764
cg11162118	0.138644941
cg01565314	0.261130066
cg20928945	0.483056837
cg12085265	0.573075182
cg24091995	0.153976473
cg09451235	0.132485862
cg21185686	0.423436984
cg24888257	0.260085494
cg18103859	0.308757542
cg15391590	0.733733115
cg06301252	0.830168111
cg09130077	0.055581774
cg01571001	0.620883519
cg10399005	0.682749343
cg21978924	0.092775797
cg10831607	0.40618761
cg07112473	0.22879367
cg18873386	0.500581025
cg10830145	0.051553541
cg08324703	0.814101732
cg14373660	0.514927294
cg07852840	0.242874356
cg20341504	0.211947739
cg17898329	0.209647883
cg17775989	0.315337085
cg23831143	0.175984669
cg24705668	0.628975236
cg15931205	0.093774066
cg05856321	0.334687259
cg06518618	0.605269522
cg03396151	0.509195118
cg27277183	0.737664648
cg08105834	0.472697359
cg22955778	0.317359193
cg07776993	0.64377065
cg00689651	0.365996445
cg02490942	0.960013133
cg21047695	0.650313742
cg14606256	0.307034659
cg05495790	0.547626906
cg12782180	0.386277856
cg19241679	0.21139431
cg05057720	0.102953678
cg26220594	0.499140402
cg05882680	0.10421731
cg02552250	0.309727798
cg01490094	0.334651468
cg03233490	0.36644334
cg23817096	0.614227787
cg26869506	0.916183891
cg19917412	0.247334056
cg27640794	0.187207826
cg25364619	0.558152066
cg23905164	0.225169601
cg13598256	0.454476071
cg15888472	0.477307617
cg10435816	0.224895248
cg16438182	0.580326472
cg12517027	0.398066611
cg07333715	0.202308044
cg26065488	0.435726165
cg19610750	0.454955335
cg14065115	0.351614359
cg24080793	0.395993865
cg04218899	0.400664126
cg14081465	0.117324966
cg04486886	0.343461487
cg17435901	0.602254416
cg00510507	0.600912727
cg21705897	0.110252665
cg26608693	0.31047449
cg08979319	0.505086644
cg02961707	0.52255736
cg05236677	0.232564922
cg05541311	0.635606547
cg23887948	0.699958735
cg26720125	0.219714372
cg23683588	0.388367405
cg11757417	0.699114012
cg23533513	0.505024286
cg12309668	0.590073089
cg21364077	0.418493403
cg01911613	0.281339743
cg01426303	0.614373533
cg11245681	0.473922324
cg18132916	0.107997022
cg06688763	0.409835678
cg21891490	0.944444537
cg15140902	0.692279527
cg03452625	0.576655594
cg18877271	0.510295515
cg01639524	0.314130611
cg22869030	0.188956532
cg05050657	0.361152338
cg17518215	0.56707995
cg08737836	0.087594477
cg04683516	0.473976677
cg18559739	0.280344712
cg23780110	0.627072911
cg08822897	0.766419486
cg21191514	0.265824838
cg05716270	0.438944519
cg16644967	0.623936583
cg12817908	0.561989489
cg19814210	0.07718096
cg12591668	0.508320289
cg16424078	0.348337937
cg14064356	0.179471917
cg18173058	0.485100667
cg05571448	0.539008323
cg03862437	0.507892066
cg07566169	0.212878743
cg02319354	0.280384776
cg17883068	0.609298677
cg25442600	0.573017804
cg18108683	0.712847302
cg10159951	0.129682193
cg07006935	0.614623713
cg27650699	0.816894152
cg02721000	0.627936272
cg12552771	0.172001316
cg03251918	0.478992766
cg14454907	0.386539722
cg27649239	0.221321556
cg20249327	0.287753793
cg06350853	0.753662572
cg03730533	0.248345213
cg00673290	0.211267305
cg20507963	0.737238581
cg08260245	0.576355007
cg12539796	0.084657138
cg04105547	0.837077772
cg08729686	0.334672659
cg21606928	0.558366111
cg16329658	0.477243871
cg14015656	0.292265101
cg27271738	0.670869231
cg23767318	0.374970798
cg17648080	0.42269717
cg03668763	0.423604388
cg27645259	0.110917218
cg17071446	0.470175841
cg07153966	0.65260595
cg22195627	0.059047787
cg21692450	0.300746893
cg25063151	0.357336627
cg10129408	0.190750236
cg18731055	0.534489268
cg02599464	0.131173059
cg01925738	0.649463857
cg16702083	0.340040876
cg03650674	0.107912912
cg07830160	0.44510497
cg12426652	0.381760439
cg14845962	0.212102798
cg00157199	0.301484283
cg17738010	0.751192664
cg22174681	0.745486199
cg17949813	0.713877773
cg11591485	0.515999637
cg26668276	0.26445785
cg23438893	0.187618286
cg14888916	0.711905279
cg00259834	0.326053726
cg17480035	0.262993722
cg24175188	0.551291486
cg06995715	0.269396015
cg26166854	0.659130149
cg17684207	0.227173028
cg01974091	0.504012733
cg20457732	0.246312758
cg01934638	0.68471714
cg01587682	0.211816096
cg13967702	0.463900105
cg00419321	0.358814078
cg11438039	0.568071823
cg05852143	0.146935426
cg23413809	0.598076907
cg24158259	0.160959301
cg08309529	0.241806882
cg15033140	0.53716117
cg15878670	0.657154817
cg11205006	0.508092606
cg20988291	0.177978721
cg26422458	0.30061875
cg10107890	0.425824756
cg07531268	0.534075137
cg01257975	0.280949577
cg10805850	0.387464195
cg24415066	0.593272161
cg14222630	0.721272669
cg05894734	0.175379627
cg12636169	0.601431001
cg05456956	0.442574617
cg20631750	0.168416516
cg05335944	0.567846443
cg27255239	0.319777832
cg06162038	0.225703701
cg02571055	0.64125998
cg26463200	0.298367066
cg22902505	0.511085006
cg19643053	0.751965092
cg13026730	0.436580277
cg03079395	0.347079094
cg26298409	0.437098662
cg09884146	0.272734863
cg06837568	0.716145345
cg23402467	0.400687627
cg12253071	0.4696176
cg00970313	0.191841427
cg02320543	0.534340728
cg09839170	0.495292076
cg12273284	0.291174802
cg03906434	0.659176321
cg11242791	0.052295712
cg11793699	0.585672963
cg18616175	0.236447914
cg20764887	0.118362826
cg22774088	0.260271678
cg06874323	0.156884103
cg20178976	0.558278358
cg14626259	0.570093455
cg26554505	0.135303221
cg13691961	0.573517293
cg12584100	0.149633632
cg04392082	0.358552528
cg11376198	0.474315955
cg03260621	0.698789733
cg22522688	0.382024582
cg09246479	0.650360279
cg04428071	0.649161537
cg12573705	0.276003542
cg10821610	0.658896874
cg08445802	0.138190421
cg14015044	0.072501078
cg10507482	0.508090459
cg18674643	0.397739514
cg20165694	0.673618061
cg22897615	0.731310607
cg21827674	0.659783941
cg07333191	0.502464584
cg10947408	0.249738492
cg05183646	0.81693744
cg13341668	0.578690064
cg04247152	0.637997952
cg07205203	0.384695308
cg25033364	0.395817765
cg27307298	0.257672883
cg21171335	0.531673266
cg13137809	0.684386935
cg18285788	0.406217284
cg24859722	0.502322948
cg16175245	0.586665039
cg00583068	0.570635016
cg04855678	0.661319627
cg09850478	0.59898079
cg24033871	0.667802862
cg25428177	0.552039378
cg02555772	0.761877184
cg03744332	0.411700394
cg23192683	0.736026368
cg14879760	0.344547088
cg20454002	0.396059986
cg15255390	0.440892665
cg13902110	0.222937515
cg25977965	0.816152832
cg02892388	0.242422279
cg13897134	0.534044971
cg23285459	0.538910643
cg10126205	0.707286348
cg21788045	0.861246174
cg09400037	0.782078887
cg15528437	0.488549258
cg19669785	0.627030238
cg10591607	0.437081815
cg26296781	0.431256451
cg25499746	0.416635442
cg06398242	0.309508818
cg01096381	0.673989875
cg09648467	0.396970486
cg23967544	0.465542592
cg14623024	0.527443685
cg17497608	0.50807405
cg10224600	0.139408705
cg21584831	0.470848507
cg11039361	0.207412556
cg10752158	0.366841484
cg16616467	0.594811408
cg14533390	0.726062299
cg05920909	0.370382278
cg17416644	0.458322056
cg10937408	0.52080238
cg18395354	0.482894198
cg23289024	0.472233022
cg24434800	0.586283845
cg14496909	0.731713088
cg10203211	0.352223871
cg26952618	0.501390616
cg19660531	0.563964843
cg27488824	0.449175055
cg11731300	0.28807605
cg01335210	0.870418802
cg06633978	0.546972314
cg14308311	0.509718576
cg26226546	0.622705486
cg18366919	0.542106157
cg01898377	0.696007897
cg22459630	0.243078526
cg09287650	0.508819688
cg22914729	0.408997121
cg17080163	0.304727736
cg27164770	0.569210559
cg27483694	0.708589304
cg03350828	0.137173959
cg07333792	0.243192435
cg06998965	0.467605262
cg26769700	0.787851373
cg07504200	0.635488102
cg07109358	0.715183728
cg21342392	0.617999123
cg08736638	0.477191431
cg24500294	0.833184925
cg26014634	0.270808667
cg12302402	0.371187498
cg03263514	0.681782038
cg14691529	0.339085744
cg14715697	0.740303968
cg24172509	0.641458037
cg27212729	0.160319808
cg11951974	0.76368865
cg21584979	0.740936751
cg00765233	0.627029734
cg23989119	0.242885056
cg12289251	0.222465953
cg22498143	0.082338482
cg02230593	0.482737748
cg13885357	0.047398982
cg21261158	0.490121284
cg13973436	0.662624755
cg13744172	0.57207105
cg09624466	0.247431242
cg03946671	0.532177799
cg12764221	0.320287309
cg02216731	0.554794056
cg16565913	0.654290498
cg00679731	0.462824325
cg24579851	0.70054428
cg22506548	0.784089535
cg20994929	0.793019841
cg24346905	0.224125343
cg26857315	0.452701641
cg25412017	0.083790772
cg02058408	0.364416838
cg05230834	0.676837857
cg11171221	0.139525494
cg02616418	0.488018711
cg07973435	0.522046
cg02571816	0.147889672
cg02103647	0.475417972
cg27303185	0.776247179
cg03832737	0.647620528
cg03502791	0.42295716
cg01168833	0.527572048
cg16653901	0.400643097
cg14349667	0.264914176
cg22855900	0.169289601
cg13374432	0.581994797
cg03465028	0.310532104
cg15911409	0.432570679
cg07031408	0.581678493
cg07460010	0.550676218
cg18002126	0.327310766
cg01048962	0.187951611
cg01749725	0.66436144
cg27451362	0.32481136
cg03339668	0.500446382
cg03308399	0.462691211
cg09316306	0.598712527
cg17949402	0.440853121
cg09803262	0.538002365
cg26498966	0.601020615
cg26389330	0.574730005
cg16842767	0.123215706
cg18235100	0.362277317
cg10695105	0.275388412
cg27016494	0.566641475
cg15356966	0.656080688
cg04184297	0.53436284
cg04686230	0.611148583
cg08381274	0.462575188
cg19389293	0.46835281
cg24956533	0.563189352
cg00283857	0.810913729
cg21195256	0.205320013
cg01624229	0.425686343
cg00941258	0.360886202
cg04388226	0.548027944
cg25844605	0.350959949
cg02360002	0.621179094
cg08919846	0.676485658
cg22790377	0.421234802
cg05614735	0.498997901
cg11691093	0.349820057
cg05492433	0.819756626
cg01185754	0.367530063
cg10160614	0.601491879
cg24405470	0.273099144
cg19578835	0.069795087
cg23748340	0.458083712
cg22548438	0.28612512
cg26724975	0.515723484
cg00751332	0.597311847
cg27258050	0.564174473
cg08993172	0.288703422
cg19250799	0.124139788
cg17937101	0.160665416
cg02730156	0.185118613
cg13655674	0.366025879
cg11510999	0.375817645
cg25755575	0.228136045
cg21082400	0.551780565
cg00983948	0.477094936
cg10511988	0.2873376
cg04225368	0.272760982
cg14075454	0.537669659
cg12176783	0.363291766
cg09359114	0.51364351
cg08231349	0.153272925
cg06368590	0.041660105
cg03604067	0.587340402
cg01466288	0.23466619
cg19333963	0.055526907
cg24720355	0.782141829
cg13913140	0.681023164
cg14492599	0.70529568
cg07859439	0.408731298
cg18670236	0.457042464
cg19290410	0.191575096
cg24280832	0.763328893
cg14552882	0.780719868
cg20079298	0.66794276
cg22531668	0.48885109
cg17128947	0.557818988
cg18947951	0.182385144
cg06881898	0.511573797
cg10463299	0.601085881
cg03917138	0.660454503
cg20017683	0.780669397
cg21011616	0.618139236
cg15402529	0.391193295
cg14893857	0.555567985
cg24809973	0.119090259
cg03719428	0.333518278
cg00431187	0.788427069
cg09107912	0.100350136
cg02174092	0.221082681
cg01949993	0.557516011
cg24418853	0.010010374
cg25203481	0.292067086
cg15189793	0.645203806
cg03924551	0.777034301
cg26884027	0.099008019
cg24630419	0.187573749
cg19642470	0.351704834
cg19618622	0.653839589
cg12019614	0.398490299
cg17104258	0.146217585
cg26379258	0.256173643
cg10539898	0.609071271
cg01572696	0.299199525
cg02415779	0.63060329
cg26131026	0.424233532
cg11092487	0.731096106
cg11984636	0.558063503
cg16678111	0.748321934
cg02276807	0.503884729
cg12307484	0.587348483
cg06382028	0.674675084
cg02642549	0.644473986
cg15296664	0.717669774
cg16672562	0.173116502
cg11666040	0.778472512
cg05758978	0.429160572
cg23167246	0.741885837
cg18675097	0.375242457
cg09275704	0.656272528
cg24751894	0.571835188
cg22992730	0.227292999
cg07957294	0.678352124
cg01364755	0.712509292
cg11239720	0.325969138
cg23890008	0.212276832
cg23739746	0.414254639
cg01783662	0.134444805
cg12510458	0.261425239
cg25457886	0.380519886
cg18021992	0.896411022
cg16785291	0.531884108
cg22714290	0.636084517
cg11526778	0.819970155
cg08511651	0.44612953
cg18806378	0.123095264
cg07615087	0.313183217
cg20312077	0.541908663
cg01871214	0.342806138
cg19756790	0.312359688
cg11377730	0.19812593
cg07852402	0.10412285
cg16072777	0.431922879
cg02247178	0.580772804
cg15638414	0.596940131
cg14543255	0.665196946
cg06040034	0.611353309
cg17571559	0.620158916
cg02164225	0.379909619
cg26630171	0.476914559
cg26395382	0.157151267
cg09354241	0.299260503
cg13943133	0.446364815
cg20731469	0.20924356
cg11588787	0.333568157
cg17738521	0.325266769
cg20685713	0.42822394
cg19285800	0.182381885
cg06471596	0.389091026
cg02508651	0.408306834
cg09480190	0.773034445
cg12934884	0.14589709
cg27128489	0.425604394
cg19846168	0.564772051
cg03317045	0.170553385
cg01514538	0.478222769
cg21115558	0.566793784
cg25101863	0.549446931
cg21069005	0.379741137
cg20557801	0.280639823
cg12515917	0.583611376
cg24324354	0.327733353
cg03142039	0.441921399
cg22289831	0.284764856
cg14552732	0.447945484
cg12602405	0.831688439
cg04800503	0.596668306
cg14321742	0.325512256
cg10244666	0.40784897
cg12868173	0.363278568
cg08251025	0.6974298
cg20743134	0.423025382
cg01316378	0.355852575
cg20161965	0.700533907
cg05380919	0.85021464
cg27262717	0.339254947
cg10454937	0.12176539
cg09989996	0.503144336
cg23894086	0.344238704
cg07465387	0.339420142
cg02646491	0.319899576
cg17107572	0.118847979
cg25287071	0.552473128
cg05965745	0.518861608
cg17852507	0.593401091
cg19495714	0.656116807
cg17759274	0.298420561
cg25327888	0.110938242
cg25023298	0.56184428
cg10791959	0.170128297
cg02658690	0.40739548
cg13450266	0.659111272
cg22164298	0.635936273
cg15408722	0.714293819
cg14410589	0.344901969
cg17463745	0.597982437
cg16757821	0.332483507
cg23548627	0.59266752
cg16497714	0.357325954
cg20340866	0.16285843
cg13035743	0.2836586
cg01558212	0.35746947
cg07005067	0.729852705
cg00308438	0.751674909
cg23715582	0.269670389
cg12480053	0.558264519
cg14409810	0.233923973
cg09954385	0.214882296
cg07964848	0.489234998
cg04892182	0.927586992
cg22343728	0.63736769
cg02493798	0.402673087
cg26540315	0.563552235
cg07459252	0.285098138
cg19203333	0.57319489
cg27138204	0.447867201
cg18164784	0.247250157
cg06422883	0.595598289
cg05222924	0.14456478
cg21207665	0.460330667
cg09511963	0.435628372
cg17945976	0.105379838
cg15660418	0.67858778
cg07635485	0.638168474
cg08594218	0.141637786
cg02963248	0.633764749
cg18686665	0.894826778
cg20197130	0.688989116
cg18486235	0.587465891
cg15896696	0.649413383
cg13338783	0.208768128
cg17555825	0.203949156
cg19329160	0.249183042
cg11379081	0.258214769
cg18864926	0.787222096
cg04633141	0.643084322
cg11888982	0.505603578
cg11173579	0.554489952
cg16206813	0.447409252
cg02749735	0.378497177
cg04562683	0.614924697
cg25694807	0.743418944
cg09678939	0.498449519
cg23703963	0.107745257
cg18062721	0.515154288
cg04056576	0.488876244
cg17594860	0.028220895
cg10622019	0.547904167
cg05246081	0.224690346
cg00683329	0.524760623
cg01637404	0.239750793
cg08806779	0.594943546
cg13106758	0.455251456
cg01561304	0.46147191
cg18117669	0.347110556
cg26248075	0.436564153
cg14514569	0.442196252
cg21340500	0.579087631
cg21843616	0.355902083
cg07520649	0.508005006
cg17939889	0.494388746
cg11930400	0.259577944
cg00515954	0.514866757
cg10665321	0.487530459
cg18793086	0.725262295
cg09982773	0.683646479
cg09605636	0.465297389
cg20095609	0.385338644
cg19170881	0.287968427
cg00436476	0.066790883
cg25746387	0.63169544
cg21406271	0.403241396
cg08631502	0.362536784
cg02010738	0.383582608
cg20562147	0.648876431
cg14189678	0.524879571
cg15135047	0.441449559
cg09134794	0.128926199
cg00902153	0.5383271
cg04192393	0.515831684
cg03262260	0.632968283
cg16291917	0.604405222
cg19988426	0.651158705
cg25958911	0.512301958
cg00507008	0.638229386
cg19344626	0.36884261
cg05306310	0.645417084
cg14635269	0.513920165
cg01502588	0.203233994
cg02743713	0.468292218
cg23468002	0.632871187
cg23168192	0.550246272
cg17455088	0.494157128
cg00104845	0.170936232
cg12422539	0.887823927
cg13857678	0.518784537
cg23348764	0.419472303
cg19241954	0.82568881
cg19591612	0.908949415
cg26504110	0.407777482
cg04166812	0.484085463
cg07086492	0.478291848
cg26425256	0.250802532
cg15920654	0.123715531
cg09156097	0.374695917
cg23243267	0.559403618
cg26964636	0.440335222
cg04861869	0.671985369
cg18843682	0.434281443
cg15443535	0.594851595
cg21577836	0.263313064
cg06531379	0.408018788
cg18717967	0.464777667
cg06401021	0.148518532
cg05403655	0.822811777
cg12074541	0.396232934
cg12598235	0.316749387
cg11849086	0.08401081
cg27549186	0.533701753
cg05573844	0.522909955
cg11594731	0.246128664
cg13891220	0.499678791
cg12954512	0.491643089
cg02166383	0.278146725
cg12122597	0.137695041
cg18640250	0.666277767
cg03118604	0.164931781
cg01411786	0.205897562
cg22796922	0.151279227
cg11965913	0.426092372
cg16450577	0.693846625
cg24830730	0.200519228
cg20981086	0.453538493
cg10493436	0.357723041
cg00658440	0.375438337
cg10304824	0.756941142
cg17383727	0.695557061
cg02188185	0.524803733
cg22264898	0.278659492
cg21771200	0.109833537
cg25459300	0.527942171
cg19506623	0.746997598
cg06446408	0.391378968
cg25177139	0.731481045
cg20542619	0.652086454
cg12902206	0.418081787
cg04890607	0.572195286
cg03329597	0.204755896
cg15244786	0.651068978
cg11002258	0.594321575
cg12252135	0.064983663
cg04852443	0.233538675
cg26814835	0.494633887
cg15053253	0.676656969
cg04887494	0.357678593
cg02863073	0.060829343
cg07678266	0.808949467
cg01948202	0.347556371
cg03841065	0.336360828
cg17680823	0.810087701
cg25520872	0.102927008
cg04214966	0.395413544
cg12058875	0.599806602
cg17601191	0.207484704
cg16936421	0.800122468
cg07817024	0.509919859
cg03051777	0.452090419
cg21829923	0.378825424
cg19457909	0.537871581
cg15001131	0.273470784
cg20727434	0.153428852
cg14741228	0.472997584
cg13990947	0.116938937
cg02304226	0.289594765
cg17907003	0.514411636
cg03149565	0.054209139
cg15358549	0.696794371
cg21052660	0.201082294
cg07160746	0.228087222
cg02787917	0.218781901
cg10828660	0.161676626
cg13197283	0.544549902
cg27656658	0.722956403
cg21545390	0.306681041
cg10690440	0.710925836
cg09424006	0.422373615
cg19045002	0.750000151
cg16975587	0.303695116
cg10728351	0.62393391
cg19262637	0.524625339
cg25352836	0.380006308
cg00951204	0.756041765
cg27258696	0.732390525
cg24250374	0.819042352
cg08112929	0.754729383
cg18391209	0.309343927
cg26248066	0.242328185
cg25882256	0.367492388
cg02798576	0.218905718
cg06911354	0.811490611
cg16345647	0.388059014
cg22616881	0.128847916
cg10357060	0.654060185
cg21410293	0.731141655
cg17117459	0.623049655
cg07807165	0.543011896
cg22515654	0.537391417
cg09084391	0.666271479
cg00692780	0.648152746
cg06086177	0.355057194
cg11087503	0.547676474
cg13472192	0.280063169
cg21586152	0.599816737
cg22899392	0.420218671
cg13334135	0.09695944
cg03599197	0.537952284
cg11505661	0.552283788
cg24694549	0.536494404
cg18533397	0.155085397
cg04786142	0.476511446
cg23216101	0.589214577
cg05608844	0.272185466
cg14535980	0.231369827
cg20940675	0.407009143
cg14504269	0.348547309
cg06087421	0.23929955
cg25020286	0.183131123
cg04517524	0.452146861
cg24480012	0.496340371
cg05745631	0.390760122
cg08454455	0.564468292
cg14591667	0.71647216
cg16705744	0.486819247
cg21778348	0.496610565
cg08872590	0.063832466
cg10888790	0.638088386
cg07595776	0.171326967
cg22078781	0.450369055
cg26942801	0.528270189
cg18156486	0.37183531
cg04232282	0.424778588
cg26954968	0.225395614
cg17805540	0.478884583
cg07339783	0.366223266
cg03763508	0.554060047
cg24744430	0.52078937
cg12974599	0.586514519
cg16304656	0.170109966
cg00537837	0.399957564
cg22717014	0.10690492
cg22618164	0.509923981
cg11969330	0.847245042
cg10089801	0.364324622
cg07139284	0.155252028
cg11526848	0.453232598
cg15181441	0.456324961
cg17017591	0.446248705
cg09734418	0.867901726
cg16635948	0.610638773
cg16393012	0.355194152
cg15729404	0.695803882
cg01199603	0.616009098
cg17714703	0.224223099
cg01485838	0.72668288
cg06655291	0.767281114
cg21273275	0.294459154
cg07356283	0.666457409
cg02675308	0.061150745
cg09177567	0.25521552
cg20037507	0.681894822
cg24812143	0.754629866
cg18361975	0.474330496
cg26789064	0.676982833
cg19689506	0.64459045
cg01388649	0.148622779
cg22504180	0.825055445
cg26509022	0.190217105
cg22268510	0.504625691
cg27285720	0.570947509
cg03306024	0.211667041
cg09398762	0.413730387
cg06114334	0.175534732
cg25363807	0.53508876
cg19299265	0.635743728
cg24301620	0.544526385
cg11044162	0.838247277
cg15085883	0.52385347
cg13776285	0.172020087
cg14260083	0.7111215
cg19449565	0.351662438
cg25461801	0.763940861
cg25483003	0.242491212
cg22256677	0.341252243
cg16410524	0.504476461
cg25362585	0.756650052
cg07363270	0.426078769
cg16519587	0.06680737
cg10420310	0.265762183
cg09526712	0.653567085
cg03571393	0.6949773
cg03964958	0.134616263
cg06327227	0.620438497
cg05585149	0.67326016
cg06048910	0.715034175
cg00158789	0.446244039
cg14526021	0.621286844
cg21239227	0.649797608
cg10803577	0.57415854
cg22572362	0.362048516
cg17833169	0.15482594
cg03582285	0.52325859
cg25727025	0.247843214
cg12091936	0.38565236
cg07355189	0.385999639
cg25547520	0.515422328
cg11649795	0.445648481
cg14066207	0.771553728
cg18179931	0.435109127
cg09643139	0.636060112
cg04240491	0.750262643
cg20402783	0.310942005
cg10572355	0.600851293
cg15233062	0.218935107
cg02326568	0.09287631
cg01636650	0.12182745
cg11144753	0.168263992
cg08234689	0.548249748
cg27299647	0.47461211
cg06710672	0.463978491
cg00302160	0.541894339
cg13608733	0.568584937
cg25313172	0.220775946
cg00501869	0.90306353
cg14775958	0.747935663
cg05298458	0.499284568
cg09207762	0.467098894
cg05324194	0.500102712
cg22849665	0.534087108
cg16516490	0.601139181
cg24025550	0.34975716
cg04876124	0.802046013
cg23619769	0.412119181
cg22541254	0.457707972
cg26671477	0.570636364
cg09718037	0.514717607
cg25304107	0.676256262
cg16323293	0.733978552
cg11039729	0.447885839
cg01715025	0.640963953
cg09061684	0.503703892
cg16174681	0.48480643
cg03314029	0.168671431
cg10026317	0.540798752
cg23085167	0.583542485
cg27498387	0.227780351
cg23014425	0.661185843
cg08047457	0.143269777
cg08784129	0.341072654
cg21833076	0.303879132
cg14879279	0.482433532
cg21369466	0.615740414
cg11677683	0.475387218
cg27175093	0.383876986
cg14147498	0.392245358
cg19767548	0.625073749
cg05470554	0.193009246
cg19653212	0.097637119
cg04513006	0.394965466
cg20157873	0.628264405
cg23807071	0.554494771
cg15659132	0.097076877
cg15487105	0.154404871
cg20994660	0.344347338
cg00275741	0.378874031
cg00692611	0.20143469
cg14108789	0.194370787
cg05798318	0.371975213
cg26922678	0.551332995
cg10400707	0.264600191
cg12615165	0.377547586
cg23095743	0.109261225
cg10571987	0.518134474
cg23670353	0.292093043
cg12716837	0.559144876
cg20873416	0.353508677
cg24799830	0.626116926
cg00400448	0.494832781
cg23732024	0.268615865
cg15278109	0.39047993
cg16701896	0.473670562
cg17058383	0.552931534
cg22718636	0.570855671
cg11637968	0.565862989
cg16195332	0.419005153
cg02270332	0.508796781
cg12414174	0.715352824
cg10418812	0.555129668
cg25400378	0.773207944
cg03018496	0.195307154
cg00614959	0.803888086
cg26779378	0.332879448
cg15912800	0.225688832
cg15499368	0.449915717
cg09610767	0.684829016
cg04671145	0.178725998
cg01165683	0.613054743
cg04633922	0.748050656
cg03877767	0.50460395
cg25121292	0.378328083
cg12378939	0.564096383
cg16579981	0.678159968
cg21910543	0.418204941
cg26415787	0.721124773
cg24766821	0.162232553
cg03259564	0.711460055
cg09265586	0.797645641
cg06911121	0.096283014
cg22303045	0.325520486
cg19068510	0.124420295
cg18120446	0.478907838
cg00999988	0.479794279
cg11758841	0.391317337
cg08196032	0.264419274
cg20690695	0.869953808
cg19128113	0.575086967
cg14716990	0.228684919
cg11655243	0.491708415
cg24631482	0.057097509
cg00437102	0.471415331
cg05387996	0.667343625
cg00495860	0.182435308
cg18054172	0.453604758
cg23965061	0.091569548
cg13534901	0.089991155
cg01751245	0.41764329
cg11862001	0.591813932
cg03148184	0.451126971
cg23291886	0.403406181
cg17157894	0.526164164
cg07937925	0.190650262
cg10893095	0.138354133
cg08642731	0.306169268
cg21118367	0.173111362
cg13485564	0.187999344
cg05789595	0.483313509
cg09333785	0.622574427
cg13428978	0.544685565
cg08908987	0.492793552
cg09311683	0.221822107
cg04599341	0.506274975
cg01553231	0.788272296
cg03429569	0.578348399
cg26689203	0.566245739
cg25980637	0.679048779
cg27224069	0.737738198
cg22549041	0.283451782
cg06369992	0.254362683
cg14418802	0.511086894
cg19991916	0.899590037
cg18263166	0.334255737
cg25242471	0.300163337
cg19212767	0.780453462
cg20865618	0.945777223
cg08072862	0.52449266
cg11472521	0.395435708
cg07906632	0.240140135
cg18958693	0.691870678
cg11706983	0.541881981
cg06436185	0.632922281
cg06316886	0.321636724
cg17356733	0.747946096
cg16172923	0.901080268
cg16107724	0.07292341
cg23591609	0.574781272
cg26678138	0.506611124
cg22278033	0.282360614
cg14480446	0.37922383
cg00740088	0.299130297
cg09157302	0.147703359
cg23834013	0.471703316
cg04778178	0.746651145
cg18017482	0.400485991
cg04546205	0.420631232
cg06303238	0.721346054
cg04270401	0.605591481
cg05083852	0.629123737
cg11236429	0.090195845
cg17080893	0.32448179
cg20312012	0.584147088
cg05364884	0.180783542
cg17455155	0.434913475
cg17491560	0.64393367
cg00686880	0.372341494
cg09334277	0.204330123
cg19926444	0.411181722
cg02589685	0.41312129
cg22184990	0.669896092
cg24722073	0.146354274
cg04863892	0.363834214
cg16634971	0.711564633
cg02821871	0.615650194
cg06626599	0.354478916
cg26543657	0.25807885
cg22741735	0.589579251
cg23960736	0.613394212
cg05121006	0.38934094
cg01176433	0.491163907
cg25633678	0.15834093
cg08786026	0.118272695
cg18526607	0.570112136
cg06758255	0.713724094
cg04728482	0.10616132
cg24838949	0.897168131
cg20454073	0.258501859
cg27466766	0.056970325
cg07652447	0.507234132
cg05668703	0.445752936
cg04875128	0.146566983
cg06665391	0.506391726
cg26259537	0.124749029
cg15924868	0.529150631
cg05925327	0.181360311
cg24150662	0.881556611
cg21648069	0.562764806
cg08755784	0.655567528
cg06001519	0.273144997
cg23646776	0.290077868
cg04543516	0.550972197
cg15754594	0.528550824
cg03905867	0.141639258
cg01057656	0.16203578
cg10430205	0.759031267
cg07532183	0.842719964
cg12597169	0.245975323
cg18658151	0.693595417
cg25347526	0.291953535
cg21608600	0.41832254
cg01465169	0.119868212
cg14315558	0.084546022
cg15209808	0.532615523
cg10668926	0.395981932
cg01361499	0.530723459
cg01569664	0.698973004
cg09469870	0.651674733
cg12673103	0.56667814
cg24281267	0.245205581
cg14034968	0.237996314
cg24685134	0.199690032
cg08474859	0.315249954
cg13402298	0.623845381
cg08052226	0.756715237
cg01019875	0.170345709
cg22834542	0.546011306
cg12648074	0.47212268
cg16659284	0.543416501
cg22182287	0.681735234
cg17921924	0.633936625
cg21073930	0.662231579
cg05103917	0.313139345
cg15616358	0.388625941
cg11243251	0.403785368
cg04120520	0.560381733
cg25814293	0.719916871
cg00788177	0.572289272
cg20627174	0.214698071
cg23353432	0.330338573
cg07023704	0.370331558
cg18971175	0.608581478
cg19563510	0.175073608
cg16017420	0.63891751
cg10205038	0.338073162
cg18111500	0.312664839
cg19247310	0.554913313
cg12955441	0.24445594
cg00226689	0.717817205
cg25637655	0.56929197
cg15054274	0.465125669
cg08847173	0.185742883
cg06996147	0.677305645
cg01285926	0.547731542
cg02147681	0.284439913
cg18684142	0.27978188
cg01239704	0.782887292
cg02166394	0.339292773
cg15382538	0.359170962
cg10177394	0.17372509
cg03363478	0.43234308
cg13861904	0.566160207
cg25283029	0.349360835
cg00216138	0.47798997
cg10313047	0.506722292
cg09656389	0.25779949
cg25865108	0.418885519
cg06645921	0.183043012
cg13315995	0.569126025
cg04306024	0.127956255
cg06447424	0.313247777
cg00612595	0.033165547
cg15819128	0.190453236
cg16386396	0.695178604
cg02120658	0.172568869
cg12341202	0.439681126
cg04227922	0.275915904
cg03614132	0.300542841
cg18108818	0.697731624
cg23605284	0.441226918
cg21570988	0.718459515
cg05638439	0.543589146
cg16268165	0.305379867
cg05473804	0.205752595
cg19536781	0.689224996
cg02919564	0.128699744
cg22377389	0.416637649
cg00186815	0.722856009
cg13283635	0.218746742
cg03188064	0.73316959
cg14553895	0.247240723
cg26990332	0.487779845
cg10080732	0.372977219
cg09297288	0.119202736
cg14377596	0.148127086
cg24393673	0.312413585
cg10627839	0.33990499
cg08166587	0.385615341
cg07617759	0.443259504
cg02588283	0.550976204
cg05924540	0.129658861
cg09486778	0.381772973
cg02746620	0.65665588
cg22610655	0.166977799
cg20373635	0.545088767
cg17683110	0.38118997
cg10344477	0.608671871
cg09590377	0.430417961
cg14590070	0.597179334
cg13510849	0.550750329
cg05485137	0.423625061
cg09869811	0.550517543
cg26187313	0.672019668
cg04499514	0.474585656
cg08906309	0.427143714
cg10193681	0.138863091
cg16400350	0.905260585
cg07740894	0.659305873
cg15744134	0.597868754
cg10156846	0.570924283
cg16050897	0.520133557
cg22882523	0.484008741
cg00647046	0.852150787
cg26597485	0.718936949
cg17662683	0.443596109
cg03678039	0.459176934
cg01051524	0.590352278
cg27543214	0.463724178
cg11362010	0.171828136
cg24691336	0.490422986
cg18479593	0.217998369
cg02407720	0.240405203
cg23051926	0.431476472
cg23697997	0.800371236
cg14016236	0.423428051
cg13413719	0.677178824
cg02469095	0.176917803
cg18489994	0.327374358
cg17804348	0.563806227
cg06166490	0.436013368
cg19999567	0.5908835
cg12081946	0.250082627
cg22699026	0.342180078
cg12468255	0.328351414
cg00366850	0.805606032
cg16896868	0.344803621
cg03505501	0.476990343
cg20587808	0.346919344
cg07165066	0.19293691
cg17119907	0.28942121
cg12477370	0.160094321
cg07265743	0.188347355
cg21645554	0.214244346
cg10134833	0.66692024
cg02897989	0.116195087
cg08991742	0.474761569
cg03738025	0.13189621
cg18208842	0.186197254
cg03993109	0.35707819
cg03638905	0.425224086
cg22798849	0.498883572
cg23429510	0.37343547
cg23980740	0.412018564
cg18058230	0.605920007
cg26307117	0.304873717
cg11423130	0.79456647
cg08036309	0.541141092
cg23490887	0.204343763
cg05762694	0.10879262
cg11840968	0.721048331
cg10528576	0.370680122
cg24071719	0.192539394
cg02033582	0.381969865
cg02946204	0.219624901
cg21048763	0.62591055
cg25373595	0.516927865
cg03503516	0.299767762
cg20889818	0.453884492
cg21159128	0.39481247
cg13237021	0.706445657
cg03565777	0.358434103
cg13319446	0.502753431
cg24752267	0.415041916
cg08162222	0.333962006
cg20876760	0.453337382
cg11146691	0.15121925
cg00175573	0.315641506
cg07382435	0.399479044
cg24725789	0.397529836
cg02734358	0.608405083
cg07862488	0.419234701
cg15371815	0.446523872
cg24759795	0.401510087
cg20274304	0.669241424
cg20826576	0.636872957
cg18044572	0.252445121
cg11946165	0.583230191
cg02719154	0.334339258
cg26701242	0.32874274
cg10575376	0.133271762
cg04225785	0.623881379
cg09990962	0.173247038
cg24348495	0.720068922
cg23075506	0.77609846
cg21936959	0.715715133
cg20047489	0.349711331
cg16618104	0.521011211
cg14981819	0.710286054
cg03257341	0.055722873
cg18686206	0.455728825
cg25792518	0.345208464
cg18944752	0.662256081
cg06766960	0.50575823
cg09590068	0.634287471
cg12131208	0.824173273
cg07411620	0.308529593
cg12180270	0.108197432
cg16257533	0.540753676
cg18561589	0.459122234
cg13623495	0.223107693
cg15016062	0.393828798
cg15831743	0.432492608
cg22244192	0.36257629
cg14098847	0.424071592
cg17186066	0.579870962
cg15977685	0.593944989
cg12544951	0.317956713
cg26075742	0.680364947
cg26509715	0.16469077
cg18966688	0.90219016
cg24292761	0.398027549
cg09177545	0.822187552
cg11630169	0.853096541
cg10603290	0.368816829
cg17904739	0.283315232
cg26995244	0.291269787
cg15545410	0.332919566
cg09354692	0.341658016
cg08264805	0.575870812
cg01967399	0.62718382
cg12225220	0.147292584
cg05574357	0.715514417
cg02558625	0.52306911
cg14974749	0.764791902
cg03142586	0.107861051
cg04873098	0.466794874
cg09727277	0.122742793
cg00430542	0.539236949
cg15652666	0.279807178
cg10512745	0.051473882
cg01928411	0.597884869
cg25637829	0.258844797
cg15602215	0.724717835
cg02578070	0.405782563
cg05689208	0.786498174
cg04661888	0.161817009
cg13325904	0.515680352
cg24624901	0.219730982
cg19738233	0.893655876
cg21205978	0.259944476
cg22721579	0.502598622
cg26398921	0.524422682
cg23621097	0.509161894
cg26017930	0.562008656
cg03099144	0.583570071
cg22679316	0.685543819
cg05578840	0.266863361
cg04456219	0.231744173
cg10220544	0.626825321
cg03918304	0.365388739
cg22675937	0.52351082
cg13022624	0.481482328
cg01884681	0.561031557
cg26549701	0.311576306
cg27504195	0.684171288
cg16406892	0.641554582
cg16586104	0.5393232
cg03449108	0.57060419
cg15975806	0.354675793
cg26796518	0.600543029
cg23100152	0.112999697
cg19777067	0.429362168
cg09385093	0.154463958
cg05146544	0.454783994
cg00998372	0.256535325
cg16668359	0.75354705
cg18040901	0.123021445
cg02515217	0.436979012
cg11908131	0.653392563
cg11348746	0.756881815
cg13441766	0.264597483
cg05694921	0.757504306
cg14494721	0.707643333
cg08832220	0.301711691
cg04017131	0.344455921
cg15576730	0.576402634
cg00381789	0.616572623
cg10820736	0.707887847
cg25728206	0.476943206
cg23188704	0.408846542
cg23214755	0.564883677
cg20541870	0.440832186
cg10959198	0.155142502
cg13503816	0.686970512
cg21130374	0.467578106
cg09217215	0.253481424
cg04824711	0.123428503
cg17552357	0.31910133
cg27456203	0.236223863
cg01657574	0.614437826
cg04249522	0.097974866
cg20032056	0.406049999
cg07571734	0.136931139
cg04193820	0.310271051
cg27636676	0.327871294
cg23107916	0.79632696
cg11245569	0.496115555
cg10861541	0.402973582
cg18739865	0.12141902
cg23913421	0.122803191
cg20677901	0.076833942
cg07501233	0.359242357
cg08116462	0.22987297
cg13659051	0.657239416
cg27345924	0.446762929
cg08224920	0.299217364
cg14014720	0.205446228
cg04678916	0.183502606
cg08462988	0.493296299
cg20364222	0.343884473
cg14005246	0.364649394
cg24468070	0.354512023
cg09476130	0.534373843
cg26465391	0.254254664
cg23012310	0.351355514
cg13719885	0.420116882
cg12247222	0.097483029
cg18002116	0.273975363
cg13878116	0.806490249
cg23906454	0.752484998
cg25807804	0.72305247
cg17360854	0.230302827
cg15172529	0.21974226
cg01128460	0.939767788
cg06226630	0.484842688
cg27640763	0.201781305
cg05722981	0.359362028
cg23994061	0.564169319
cg18713028	0.500866391
cg04839289	0.234804087
cg08732352	0.475830715
cg14030882	0.129032252
cg05527785	0.250277663
cg26915799	0.508174955
cg00218447	0.229783818
cg12327866	0.684321319
cg03733219	0.363157946
cg23549774	0.94303239
cg00584450	0.413035209
cg27227497	0.924043466
cg00409126	0.290451491
cg20653128	0.595333262
cg23690893	0.720317832
cg07863022	0.398589826
cg16204357	0.584782286
cg19856705	0.436632385
cg14073497	0.487252107
cg18250846	0.383907788
cg27361227	0.535129829
cg20072171	0.045077261
cg11770816	0.63781894
cg25267258	0.671330594
cg03204907	0.669539607
cg15920791	0.445860484
cg18442362	0.572616778
cg10098888	0.245305308
cg10802444	0.490247072
cg20616414	0.075972459
cg05453358	0.685363529
cg17412901	0.58154141
cg15826810	0.305093732
cg20151476	0.668402203
cg26072749	0.365766114
cg23194912	0.59865202
cg06745944	0.098585438
cg03284308	0.563208521
cg09787089	0.321493359
cg09955012	0.803823871
cg08489674	0.488899748
cg27179622	0.684536161
cg19095187	0.237132512
cg16113156	0.340611233
cg23018755	0.323835921
cg08538682	0.206846944
cg27438152	0.622748728
cg00877329	0.563084655
cg25594119	0.071110746
cg08499046	0.28437841
cg06202276	0.287442848
cg04275695	0.206238136
cg05471495	0.276228378
cg02213684	0.31422788
cg01434160	0.494827358
cg23193497	0.630585369
cg08881680	0.092567724
cg25698741	0.533309068
cg00565688	0.087073599
cg25938025	0.338175816
cg20701182	0.194816127
cg15559674	0.366591838
cg02235562	0.260816568
cg15372603	0.763607157
cg05603680	0.458852286
cg02485328	0.69664813
cg19087171	0.871073947
cg01323706	0.561357535
cg24064594	0.104206376
cg18818075	0.318439885
cg11437063	0.895402019
cg14509403	0.426668758
cg06158650	0.311298488
cg06172942	0.332860885
cg12065840	0.168839225
cg11868461	0.239034373
cg26708781	0.547683339
cg16561266	0.205701746
cg03347632	0.674560597
cg12504882	0.447766448
cg10964944	0.7712072
cg09480047	0.709086293
cg22352371	0.648203345
cg19530831	0.759397502
cg08403195	0.100098253
cg18064754	0.732451966
cg11390741	0.556044293
cg14839134	0.758232316
cg02997983	0.241133225
cg13234110	0.250906655
cg16182447	0.494745612
cg22631616	0.736147067
cg14968543	0.254497881
cg11539674	0.41823157
cg24377179	0.359064371
cg06385087	0.093385813
cg06363417	0.648994611
cg07807210	0.537419968
cg16389901	0.080499858
cg22110839	0.455564483
cg10040530	0.177152097
cg06107816	0.261063845
cg14859724	0.659932923
cg18568634	0.359745426
cg05273205	0.242636753
cg03156546	0.417657301
cg26465602	0.166800522
cg08690859	0.480318439
cg06880028	0.483203768
cg16638092	0.626120265
cg03557857	0.213500045
cg25237113	0.593688449
cg01246622	0.18760574
cg02771142	0.314461396
cg24516106	0.325849716
cg18261050	0.123322923
cg14085715	0.570682198
cg17646820	0.365088073
cg22336806	0.270934601
cg03990033	0.362796722
cg12505170	0.23728131
cg12630714	0.120606401
cg01283201	0.076492983
cg14391148	0.804465606
cg21655444	0.691812854
cg19786733	0.290201974
cg19074709	0.724232056
cg12305200	0.302564342
cg18663063	0.47583831
cg20540235	0.403794297
cg11122009	0.779298178
cg10034176	0.551769367
cg13050240	0.348201299
cg20771240	0.10812344
cg25741487	0.350100335
cg08431536	0.193924088
cg06341027	0.503903572
cg03032497	0.555670317
cg03579904	0.922350797
cg07379949	0.56834815
cg21429615	0.619947086
cg16068263	0.187335413
cg04477962	0.577826571
cg20095656	0.560356892
cg08994045	0.055355495
cg00714725	0.121961287
cg25365260	0.492320417
cg08222513	0.487077458
cg22215815	0.482714458
cg19188855	0.444323559
cg15780398	0.75055086
cg06260815	0.16126774
cg04115185	0.916683419
cg04854098	0.606315729
cg03237474	0.711252345
cg00318947	0.458835315
cg11904906	0.195401897
cg13996522	0.961639407
cg14494620	0.614233482
cg09678212	0.386784649
cg10925082	0.618166239
cg04425920	0.162733756
cg03126579	0.168175916
cg27268556	0.587641941
cg12906381	0.427973228
cg25399309	0.379442956
cg05648303	0.472802969
cg00028678	0.35851164
cg21226965	0.542662704
cg18447972	0.246174644
cg06574716	0.330404321
cg20494738	0.880351984
cg22352078	0.60646366
cg19709468	0.180914588
cg15084851	0.602991348
cg16735509	0.505430695
cg02479773	0.042894721
cg02389180	0.518779838
cg03839794	0.446033521
cg02590401	0.182147132
cg00344445	0.548434823
cg05575639	0.545225381
cg25841625	0.484569391
cg07118376	0.273279255
cg06581175	0.247608496
cg26505691	0.093780461
cg06765217	0.07554619
cg14115325	0.850574388
cg09688127	0.676771069
cg07040834	0.097297538
cg18077580	0.514724784
cg08356705	0.087887646
cg08659204	0.629458731
cg23008238	0.867684387
cg10461547	0.133166661
cg07870914	0.646618919
cg27541454	0.170170537
cg00697916	0.608728802
cg14731462	0.438591576
cg25227803	0.248425922
cg15244327	0.213898628
cg13224852	0.610296166
cg25144893	0.363621637
cg09330885	0.883747088
cg25988034	0.115116908
cg15015892	0.127935609
cg26835302	0.42118032
cg08889114	0.637730463
cg21614723	0.379810736
cg05618934	0.34876785
cg13359161	0.617206542
cg20141398	0.639945839
cg08194989	0.61303808
cg05143012	0.684122051
cg07535965	0.651621615
cg16033633	0.165769377
cg01240056	0.11318826
cg00512404	0.713300312
cg19684783	0.407886144
cg11074047	0.54829483
cg01476222	0.619633989
cg26064460	0.621837125
cg27319917	0.468519219
cg26396455	0.437328245
cg03928154	0.40654924
cg03784436	0.578140758
cg18680181	0.520407503
cg19722748	0.26336951
cg14361252	0.785455743
cg01964852	0.372314272
cg03421195	0.448756304
cg09864185	0.243566103
cg02583740	0.740924303
cg14473145	0.635277304
cg15236483	0.319588828
cg19927885	0.235027471
cg07769957	0.42013109
cg06485940	0.380280301
cg20438820	0.755283104
cg18261205	0.184736606
cg18205770	0.283861487
cg23516310	0.476361455
cg25827670	0.573026545
cg21002542	0.697283116
cg11142389	0.40575021
cg02523640	0.089063031
cg18758906	0.107372452
cg00456343	0.530693697
cg03875996	0.661820362
cg10824810	0.687446517
cg21029045	0.345830976
cg09122096	0.257732062
cg13910785	0.088395082
cg06637517	0.250363079
cg24699719	0.80775252
cg07046426	0.400173596
cg07180475	0.555776124
cg18635361	0.468136897
cg02531479	0.298744455
cg23418591	0.174543602
cg12216208	0.142847788
cg04942251	0.375127622
cg24781973	0.407378516
cg26863534	0.631423082
cg23002590	0.457221298
cg01306824	0.837393283
cg23766254	0.43740958
cg22356722	0.523444264
cg23876832	0.290417661
cg02787087	0.59731013
cg02797871	0.76325174
cg24461304	0.447556056
cg03208983	0.747615618
cg03856153	0.569764484
cg01048107	0.403900257
cg10898335	0.556615078
cg06635764	0.893990624
cg00269800	0.285942913
cg24932662	0.06870685
cg21836699	0.668626038
cg06071058	0.614798585
cg17666539	0.458349258
cg15326452	0.337671416
cg16247183	0.787113824
cg20432960	0.222453158
cg01682111	0.543921984
cg22444584	0.418380998
cg14582400	0.581954979
cg14411912	0.880791935
cg16737770	0.800230546
cg22798223	0.497352886
cg13598109	0.483876627
cg12993163	0.110129941
cg01954305	0.4939047
cg03744197	0.607709169
cg06188367	0.606159644
cg13591648	0.58345358
cg10724867	0.625186385
cg12922751	0.422543965
cg23917513	0.559298282
cg06319475	0.20912708
cg01323381	0.648518527
cg15105326	0.491615172
cg15864691	0.732676748
cg20342079	0.386867297
cg24842086	0.371502427
cg02583618	0.134250714
cg24091104	0.620531599
cg11342198	0.466739104
cg10373607	0.688059756
cg00945666	0.296709318
cg06744585	0.337466374
cg18280830	0.5721522
cg05938001	0.485255842
cg27588356	0.631216459
cg10064922	0.440359911
cg14503441	0.401552896
cg02505827	0.49234835
cg13463203	0.531450205
cg02227036	0.883129421
cg01306747	0.691956333
cg15206981	0.643917099
cg07882850	0.212317808
cg08637438	0.196709299
cg19966212	0.573276664
cg24681408	0.63595448
cg08888918	0.607193463
cg17508905	0.523538621
cg12161959	0.71105241
cg20002177	0.645069036
cg02263377	0.823516178
cg15991405	0.359567817
cg19354017	0.327742764
cg07136023	0.169427736
cg19879075	0.306128749
cg22685807	0.197749957
cg01987353	0.524282747
cg09133032	0.450272734
cg19440264	0.569093722
cg12497187	0.576992427
cg15881332	0.595442227
cg25734842	0.218560623
cg14710465	0.443667948
cg04777091	0.631516819
cg11286063	0.166310764
cg11608150	0.644954334
cg08373003	0.208488481
cg11841704	0.854084715
cg14252279	0.246189981
cg20202112	0.795130129
cg23186333	0.270627036
cg02876258	0.42626285
cg06078892	0.748308533
cg20592940	0.905078563
cg12937413	0.513048822
cg26277026	0.676918187
cg03612357	0.537805048
cg21266845	0.471267524
cg03261800	0.326537134
cg21810373	0.485672287
cg12798524	0.711757872
cg00297966	0.673436165
cg08423507	0.550623484
cg11434705	0.285489807
cg01890836	0.693414822
cg14171369	0.268864929
cg02863179	0.38024972
cg09222422	0.238452881
cg22676075	0.20907228
cg16675872	0.593576451
cg04574034	0.394384824
cg14076977	0.609926783
cg00123762	0.172533697
cg10020892	0.44708698
cg06706894	0.081219488
cg13592721	0.250112439
cg11648594	0.142783644
cg18853490	0.59564402
cg08979191	0.356477035
cg12635790	0.191696234
cg05096751	0.27484332
cg10253847	0.08132796
cg01604468	0.776871324
cg01915516	0.057290291
cg20906291	0.60894705
cg19038462	0.713716654
cg15444648	0.365355743
cg00024494	0.666006686
cg03972665	0.540174994
cg14511677	0.309626533
cg12432236	0.21791101
cg14270434	0.414403145
cg06676049	0.632150203
cg19759671	0.72793552
cg06055873	0.510339976
cg14962509	0.685037689
cg19476053	0.203230803
cg02249292	0.383150107
cg03699623	0.291519705
cg15473186	0.185372728
cg23206851	0.373838927
cg01754267	0.502787256
cg22581896	0.431813523
cg19547192	0.745998624
cg24667115	0.255088709
cg05204104	0.493244208
cg00400832	0.352104888
cg18587137	0.469674518
cg20899151	0.763895771
cg07906828	0.568854289
cg12331004	0.778549051
cg15235798	0.24522847
cg25251204	0.61122646
cg00764796	0.58009693
cg12186839	0.778467736
cg18776945	0.895647523
cg12183501	0.520635055
cg17130457	0.167505076
cg14580747	0.374671779
cg19093890	0.714400728
cg12086464	0.508064533
cg04855216	0.683362434
cg02599716	0.30719391
cg03242471	0.576163033
cg19095920	0.483013299
cg21805940	0.745653763
cg16240162	0.529025479
cg27025079	0.671218415
cg21134232	0.713464431
cg19351954	0.253329438
cg27334919	0.667547022
cg08269974	0.332879472
cg21890551	0.41379424
cg21792155	0.207941178
cg23189044	0.198513402
cg27642784	0.754547253
cg11733272	0.473040148
cg02645135	0.541037523
cg22055891	0.671552673
cg27586797	0.508630222
cg22614142	0.168243242
cg17686487	0.337800953
cg10220068	0.746612966
cg21778987	0.383638883
cg18912728	0.6052422
cg10739715	0.50256089
cg25495534	0.593218873
cg03517776	0.372766327
cg27178401	0.603875835
cg11008003	0.639656605
cg11785425	0.473664362
cg14434870	0.255138252
cg05896714	0.721502159
cg08555552	0.141338826
cg08886651	0.047690277
cg12512771	0.668595598
cg04700292	0.560946084
cg27178293	0.347351234
cg02246055	0.350171893
cg23520688	0.783739626
cg19009471	0.586460122
cg15381313	0.521871003
cg11428546	0.567795916
cg00551609	0.431513209
cg19951297	0.439430358
cg23519637	0.529918599
cg02493602	0.284137302
cg08617160	0.552043774
cg26127778	0.573454026
cg14195216	0.439392518
cg00311883	0.092405526
cg06177306	0.779843251
cg04678315	0.627296291
cg16714154	0.585688513
cg12173150	0.538302875
cg05389236	0.371446614
cg01161811	0.616808323
cg02264990	0.058399185
cg02489958	0.343270922
cg14068657	0.422449913
cg25639095	0.507398423
cg11985321	0.929675071
cg16419009	0.188740613
cg09595479	0.392480387
cg19223064	0.656040258
cg09820244	0.645956396
cg05576949	0.520520653
cg18061197	0.604232857
cg04503968	0.586457302
cg21473142	0.575184075
cg00612515	0.939985425
cg24667756	0.451329992
cg16945633	0.41049719
cg20401567	0.212722666
cg12093662	0.499562935
cg19241327	0.078929074
cg27198013	0.97403231
cg22761483	0.662922816
cg20572537	0.670159459
cg07142009	0.324594479
cg12646649	0.21051753
cg05129325	0.161122959
cg11663667	0.473411488
cg26581714	0.60386166
cg26479667	0.750408444
cg19403029	0.579583866
cg09932747	0.475927695
cg15104622	0.724899399
cg20189913	0.588765201
cg01578164	0.373970224
cg04017276	0.397744536
cg06163994	0.631066429
cg10374009	0.341509723
cg12140851	0.42480568
cg25188395	0.124748381
cg23330450	0.612010793
cg02329038	0.512326815
cg08393822	0.619152618
cg11046030	0.63084092
cg12078775	0.429728437
cg23090529	0.489587874
cg25940946	0.087356013
cg13714026	0.730744866
cg26067760	0.573330403
cg10935804	0.491040353
cg13066043	0.263316069
cg06849778	0.330124949
cg08822602	0.579412523
cg11697194	0.498280665
cg16529477	0.43813236
cg18973247	0.422561675
cg00767010	0.215976242
cg25383503	0.069926785
cg00157572	0.434653367
cg07475026	0.601336347
cg08489309	0.754177042
cg07696354	0.481413621
cg16439198	0.062057372
cg16479633	0.361678681
cg16926213	0.546186525
cg18533201	0.139544357
cg25941985	0.876261478
cg00237268	0.621687692
cg25115537	0.523529969
cg05415670	0.559701962
cg03700230	0.520469444
cg07483304	0.383470593
cg12602409	0.104118753
cg24553862	0.592066165
cg05496203	0.212859545
cg27493151	0.052006086
cg09570682	0.19047058
cg08078648	0.342776247
cg26938272	0.148899513
cg21341586	0.209099592
cg20894410	0.507925628
cg16714096	0.306132052
cg00596687	0.67437427
cg16677191	0.504137509
cg18812904	0.600947548
cg18004701	0.218204782
cg14663264	0.582234439
cg14669362	0.557954736
cg10858103	0.24983478
cg09671258	0.051710264
cg26516532	0.27974609
cg09868598	0.413924231
cg02744524	0.234141936
cg02578087	0.451604858
cg25746778	0.214261634
cg23792314	0.183202541
cg05483021	0.172721447
cg02540781	0.521877359
cg27282900	0.132052616
cg17367832	0.497278312
cg12718582	0.631217048
cg00048370	0.46952361
cg01121022	0.538061716
cg06826341	0.516426976
cg10791884	0.657015955
cg03711129	0.466824297
cg05905176	0.075256336
cg12733396	0.448520198
cg25547580	0.101562989
cg03548062	0.938503912
cg26094554	0.485462432
cg07146104	0.297156146
cg09040942	0.707935721
cg05267427	0.751120604
cg10007051	0.535172419
cg00223681	0.492687508
cg05222982	0.445778208
cg15938529	0.891077453
cg22346032	0.910054664
cg08828819	0.324148082
cg18406033	0.143510605
cg22175006	0.640143106
cg21172011	0.148555986
cg25568066	0.143963958
cg21853510	0.508829158
cg14834903	0.298654468
cg24945701	0.281313069
cg24407596	0.551092477
cg04951371	0.727688973
cg18717167	0.479629487
cg21110456	0.468705858
cg22708635	0.756239829
cg16658412	0.774995946
cg15993723	0.466239507
cg27651243	0.148596325
cg04605980	0.170589745
cg26716902	0.314735229
cg01890568	0.845004248
cg14058329	0.755186797
cg23045908	0.435978984
cg02032299	0.361666053
cg02610486	0.509301777
cg19449948	0.642854333
cg03616722	0.827628903
cg25294526	0.786496392
cg18144593	0.433779729
cg25518868	0.334527563
cg04031093	0.555793459
cg14766621	0.812507858
cg10774352	0.436903902
cg15607672	0.408909922
cg21144493	0.28759147
cg21353189	0.648869794
cg05950572	0.53638941
cg05934682	0.468862112
cg11339964	0.557397933
cg10213875	0.695588692
cg12457909	0.057249863
cg15316843	0.100821677
cg21244322	0.645350794
cg15822765	0.209015402
cg25437411	0.187474556
cg03048083	0.045402064
cg03075065	0.642745628
cg16301599	0.766817427
cg20577468	0.322448824
cg26994885	0.747680679
cg03654504	0.479819742
cg04076766	0.521174286
cg19111287	0.639279685
cg02886033	0.567513867
cg15740507	0.61715148
cg04452437	0.804582201
cg17078427	0.268438324
cg21475150	0.66108272
cg19206146	0.308801748
cg08289130	0.553049997
cg00810292	0.798669963
cg08747277	0.703460844
cg17953701	0.459031052
cg14160518	0.744540723
cg08725366	0.289837739
cg14078714	0.528279797
cg00055434	0.778267184
cg23454797	0.554976976
cg15818008	0.50706056
cg24704177	0.416032904
cg14986890	0.50113943
cg09433910	0.416168564
cg09656020	0.429685331
cg15124926	0.75139965
cg11796455	0.320635065
cg10904854	0.468389291
cg03691338	0.552709165
cg00734931	0.591376633
cg10837783	0.708179504
cg07090980	0.456562125
cg19240678	0.409667692
cg13615592	0.205061397
cg16854917	0.445688371
cg11816734	0.56453881
cg21163429	0.604640819
cg05971966	0.112002715
cg14509967	0.240873972
cg13466694	0.666271402
cg09169617	0.244422857
cg20739526	0.093820198
cg12634591	0.496641542
cg10207553	0.366586563
cg02601475	0.318060132
cg02327530	0.588008392
cg14434213	0.482223006
cg05514256	0.608215013
cg18278184	0.45476172
cg14827391	0.730957274
cg13707567	0.407307315
cg16786640	0.364543271
cg22350438	0.593024111
cg27452922	0.884461337
cg05860723	0.349473154
cg12712184	0.603479115
cg13455434	0.383526411
cg15311814	0.311279213
cg04921068	0.509319793
cg21107573	0.589739022
cg02703002	0.421946387
cg07013955	0.481551077
cg14171824	0.36834343
cg19389001	0.263022241
cg02125316	0.132956206
cg15197065	0.250806057
cg12097883	0.293891767
cg03231163	0.109057316
cg15753239	0.649946334
cg17737621	0.630060937
cg01649317	0.933475488
cg21158163	0.796725233
cg07263393	0.365049863
cg01364478	0.365764123
cg15689835	0.318367238
cg05941376	0.323860815
cg05857996	0.889624847
cg01756899	0.730002695
cg25135018	0.513750008
cg23942526	0.848105742
cg18969232	0.328965189
cg13715631	0.329214467
cg12260798	0.184567355
cg16017414	0.690084125
cg10269365	0.378946034
cg03252313	0.428865322
cg14642696	0.294879165
cg03280108	0.640734192
cg10320410	0.202510516
cg09500443	0.154931951
cg07060794	0.695708511
cg08710921	0.54717283
cg22629987	0.286023997
cg16134717	0.157324379
cg04087740	0.44634712
cg05452406	0.119936858
cg13136655	0.34641008
cg16049391	0.560111874
cg26199445	0.697058508
cg16120742	0.421419236
cg20643029	0.448977063
cg20677267	0.503828412
cg12210914	0.548260325
cg00689580	0.247053806
cg00343433	0.530428769
cg24779941	0.167036837
cg12732998	0.197290954
cg13672200	0.561603201
cg13571460	0.344427553
cg09845293	0.74975418
cg08923271	0.591951015
cg17239923	0.131149236
cg00893471	0.274731406
cg21386863	0.699337791
cg03204322	0.28937942
cg04854908	0.537564526
cg05270938	0.519994615
cg15873149	0.167624436
cg09272225	0.46804613
cg04352288	0.885709858
cg22614027	0.805815744
cg19594218	0.524533804
cg13691567	0.689819547
cg05262724	0.946364124
cg02874031	0.581746655
cg19470379	0.545481135
cg17167253	0.25902496
cg04624228	0.319741446
cg15536947	0.901617161
cg18402987	0.344780199
cg04967578	0.562047918
cg11541433	0.393431102
cg05347965	0.551791235
cg01669186	0.896886374
cg25567805	0.415160498
cg15356461	0.93571232
cg04778236	0.801298783
cg05240760	0.546763118
cg13130022	0.597218625
cg14891195	0.387257467
cg06978117	0.744242611
cg02208793	0.522886206
cg09864050	0.622694677
cg16302655	0.5119478
cg07795168	0.797298865
cg04227892	0.619361159
cg03562044	0.094021542
cg14972210	0.346886728
cg02722637	0.712163112
cg06743782	0.672546272
cg01250603	0.410801788
cg12109291	0.56378075
cg06946452	0.159424096
cg00695799	0.509515527
cg04907257	0.450550275
cg16754788	0.511812168
cg02533289	0.45116357
cg09980058	0.25763927
cg25801988	0.178201597
cg02582057	0.232454079
cg01047586	0.24277152
cg05638689	0.470466824
cg02185675	0.657183054
cg27262236	0.648094803
cg16692227	0.429470889
cg09086835	0.27205551
cg24409539	0.494270024
cg01131038	0.228375521
cg06865255	0.679128396
cg00563107	0.629547797
cg12810626	0.432512949
cg12584111	0.66762442
cg01556846	0.494117599
cg25443851	0.158190862
cg05052450	0.274429068
cg05106770	0.29371383
cg17901924	0.490680457
cg09967633	0.453754464
cg25932446	0.577234431
cg07586956	0.543122268
cg02685896	0.064684438
cg14549078	0.623651805
cg22897715	0.436354286
cg20979153	0.295678724
cg18371700	0.173736391
cg22340508	0.470104673
cg22249735	0.834534544
cg19082560	0.260652446
cg10441497	0.82630784
cg15166039	0.443322034
cg00444390	0.473512121
cg05875410	0.28560485
cg26393964	0.55387905
cg26720913	0.570155829
cg26180255	0.629648674
cg07135614	0.419487539
cg26099134	0.454077948
cg08455778	0.214032493
cg14576436	0.428837292
cg12226948	0.758629796
cg22864244	0.485698998
cg06880615	0.734894777
cg23237314	0.59115877
cg27368606	0.534199348
cg15139163	0.601058158
cg20773915	0.568194479
cg07264666	0.537384992
cg01612037	0.789034779
cg24377495	0.468530457
cg13022679	0.330853902
cg07045089	0.316325008
cg04057161	0.629680661
cg15526081	0.225424198
cg01733284	0.622626484
cg07675477	0.583044384
cg11471772	0.223345542
cg02648057	0.167188239
cg04030486	0.14646097
cg23424933	0.546455963
cg25122233	0.213178238
cg10682957	0.355029732
cg18990313	0.565005077
cg15235999	0.516382398
cg10794257	0.418736956
cg18447419	0.740939684
cg01176947	0.19080749
cg15648389	0.463881342
cg26492368	0.290915827
cg04518186	0.506752612
cg00118978	0.568380048
cg05494467	0.390541517
cg07504977	0.337868851
cg09231843	0.700775776
cg16668651	0.557276225
cg02523270	0.346387659
cg11195797	0.160622639
cg02105211	0.536927136
cg13750264	0.317012884
cg25830307	0.943947227
cg26883434	0.638606424
cg17324671	0.880932227
cg08813944	0.848818228
cg23973429	0.512152673
cg08544331	0.412378155
cg15645660	0.468263036
cg14332653	0.416745969
cg03778207	0.492068573
cg25969107	0.247910323
cg27177554	0.155689504
cg27576485	0.493322224
cg03935448	0.64402982
cg12858902	0.337821785
cg17807131	0.052984399
cg01946824	0.861628745
cg09094964	0.964809608
cg12736877	0.61285758
cg18731398	0.697899836
cg00347563	0.213469544
cg08087868	0.167022213
cg27622506	0.113609806
cg24459147	0.363605026
cg16733705	0.252313134
cg00851389	0.663042123
cg04780086	0.147346205
cg20219381	0.13984095
cg23620902	0.522526407
cg05930881	0.082645843
cg05039241	0.372499916
cg01254303	0.360773063
cg10193711	0.600720707
cg20545941	0.608332192
cg18156686	0.80678885
cg04388989	0.287357338
cg16620392	0.302384236
cg12866112	0.833227318
cg24417135	0.653956959
cg23230564	0.46831345
cg26367197	0.483813055
cg05770946	0.240236019
cg10199556	0.454741994
cg09307985	0.496675821
cg04522045	0.351970251
cg26833652	0.295662749
cg00548824	0.82110356
cg13292042	0.226872237
cg01255417	0.480473104
cg16780603	0.42776195
cg07068735	0.218688063
cg18143296	0.450332934
cg19047868	0.664034538
cg17852224	0.47953484
cg09556826	0.310058731
cg21686171	0.704585602
cg01833675	0.333914754
cg22827250	0.593085117
cg12268637	0.32431422
cg00567922	0.547496857
cg12177546	0.540699608
cg06532379	0.280566866
cg17797591	0.196937288
cg19802390	0.690741115
cg09564361	0.393970027
cg04819096	0.1914896
cg14388093	0.696990057
cg12142501	0.229559136
cg21807944	0.461350251
cg25720793	0.460335626
cg24028202	0.732121129
cg02363677	0.533798445
cg26929272	0.587045538
cg00037457	0.653520448
cg13378649	0.592028944
cg10987624	0.373443784
cg11859489	0.588149514
cg09290600	0.194166044
cg25578949	0.451363421
cg11060532	0.615764213
cg18430895	0.405726219
cg27429749	0.349528095
cg02194243	0.49708535
cg27396830	0.852818503
cg03323067	0.377278921
cg03393426	0.118057402
cg19816811	0.583582074
cg07825681	0.74819039
cg02088785	0.530997036
cg03354554	0.322801924
cg08985979	0.584248912
cg01488770	0.237088189
cg07956003	0.697537588
cg15025103	0.222338672
cg04180086	0.199755806
cg13181164	0.358294951
cg02511456	0.322860881
cg03887163	0.478785617
cg15913725	0.576224581
cg25919123	0.17101817
cg04006061	0.44578727
cg17569124	0.309907393
cg22708150	0.703544993
cg15982700	0.407636325
cg20599967	0.374133766
cg10858480	0.563931478
cg02090762	0.173843785
cg22122410	0.136262952
cg03744763	0.642213835
cg16306670	0.549012292
cg01990695	0.56551317
cg21383487	0.116325626
cg06875552	0.577079128
cg12291728	0.444473674
cg20210482	0.180358833
cg09662920	0.529755654
cg02628016	0.619806676
cg19463193	0.578110796
cg07046818	0.467809752
cg09858108	0.542450362
cg18892244	0.783282072
cg22705959	0.574400315
cg18566883	0.35787854
cg11207763	0.147397284
cg04685570	0.196567577
cg11382687	0.531611592
cg18424134	0.138695772
cg09705456	0.975980738
cg05642546	0.583602717
cg26144458	0.433849943
cg16465280	0.450680705
cg15585318	0.072363877
cg17090968	0.735922451
cg10112694	0.58035901
cg15981734	0.224637877
cg20434152	0.65194897
cg08120489	0.589656753
cg11647681	0.529128161
cg05387269	0.676875451
cg16016465	0.631704438
cg09423283	0.311227266
cg14431020	0.704565633
cg05876174	0.401201287
cg24297049	0.379118381
cg16107389	0.677254889
cg04355159	0.288044565
cg27028923	0.11552052
cg14412134	0.536980501
cg07345999	0.587458148
cg27143688	0.600409924
cg22460896	0.686291315
cg19005446	0.605833573
cg09556515	0.418157157
cg20860188	0.591218798
cg12470218	0.683462813
cg03875819	0.347435877
cg14485744	0.370233782
cg18566313	0.588254952
cg20510012	0.614888436
cg27228433	0.461173181
cg13903421	0.486061811
cg11523350	0.620695063
cg01854776	0.749053912
cg08428819	0.458121421
cg17608490	0.333911258
cg17326555	0.704536841
cg25139229	0.27053341
cg00604454	0.565632429
cg23305899	0.650818894
cg14740976	0.587431407
cg19770281	0.319544896
cg07086674	0.484654611
cg07254421	0.145153122
cg06984903	0.542437253
cg16271424	0.279240456
cg20254225	0.318393834
cg22730029	0.31582942
cg16017889	0.382058751
cg16785381	0.511770189
cg21117734	0.470588906
cg00955911	0.151342036
cg00288598	0.744356609
cg02311193	0.437493404
cg06824394	0.539534968
cg07725064	0.589946817
cg04194840	0.539241586
cg04188862	0.39076571
cg18320356	0.565158257
cg18419977	0.374266817
cg15203566	0.584873758
cg00974944	0.407451899
cg01085125	0.547556114
cg00655552	0.540998622
cg20908789	0.433649987
cg02959939	0.41643615
cg10815625	0.324167795
cg27092191	0.313986292
cg02370923	0.751949836
cg04622200	0.445131251
cg19988492	0.166555612
cg17067544	0.371556345
cg09016968	0.382388475
cg27641239	0.577808325
cg07976064	0.050010034
cg15817960	0.564746508
cg15171154	0.576130204
cg23625084	0.956603975
cg24492202	0.462809598
cg14559356	0.130893481
cg14463412	0.465035789
cg20098471	0.128898952
cg16848712	0.519018433
cg05079049	0.596915666
cg00465319	0.479073974
cg22086566	0.587695686
cg13647052	0.368909958
cg12808565	0.64821198
cg12088314	0.283668405
cg27606396	0.480044251
cg18316974	0.492313247
cg17738213	0.396702916
cg23340017	0.24597117
cg09630706	0.557806136
cg14515517	0.595235918
cg17560015	0.604410246
cg16353006	0.172294036
cg14911395	0.467178104
cg06466782	0.808569495
cg19596110	0.270442783
cg00453938	0.494732044
cg14673618	0.609901233
cg09179916	0.598944611
cg25561762	0.373623275
cg13193196	0.744995186
cg20562447	0.43608162
cg20463298	0.501890307
cg19075787	0.505335875
cg20017590	0.520420399
cg18322739	0.637254033
cg02948624	0.175813854
cg04948649	0.364827512
cg16324314	0.602539676
cg22694818	0.168932756
cg23246703	0.241590502
cg00268086	0.464863486
cg03177551	0.179758906
cg02311374	0.857039721
cg13729210	0.181802574
cg14184866	0.361972564
cg25495024	0.944265386
cg01244270	0.549342824
cg22608082	0.845962692
cg10174683	0.772021632
cg05200037	0.186901321
cg02179455	0.166663655
cg24076747	0.475325132
cg02843349	0.315984361
cg26630231	0.239774669
cg18267489	0.252448047
cg06150148	0.743566038
cg12350325	0.278998921
cg00225603	0.417238941
cg16104076	0.378030575
cg01566127	0.071298568
cg16723488	0.440911133
cg12246472	0.57258932
cg00503302	0.209513174
cg11763830	0.544992391
cg26325335	0.239316748
cg22306928	0.067369596
cg13169132	0.394844593
cg22737624	0.371655261
cg24330456	0.691787877
cg18978493	0.442354962
cg20559385	0.383349571
cg16493071	0.796893662
cg04575202	0.430058484
cg26515213	0.496464179
cg02022808	0.391140185
cg13734833	0.655401051
cg26676034	0.134686579
cg14313184	0.277102307
cg00178249	0.259352141
cg14481689	0.868789709
cg17860366	0.542462621
cg27513573	0.050697225
cg18099070	0.755128722
cg10068793	0.722605022
cg20737382	0.160236396
cg21104276	0.745311278
cg04456238	0.381351916
cg27123256	0.67052785
cg11729679	0.423402767
cg08709360	0.823868029
cg00261082	0.415397327
cg23660154	0.068977823
cg05756029	0.365037106
cg09228833	0.34790005
cg13900763	0.702163332
cg24660635	0.466463434
cg16284674	0.949944951
cg14676825	0.110473776
cg16564033	0.343346953
cg09236126	0.902908499
cg16803846	0.509184925
cg26461267	0.409579378
cg08394412	0.225143935
cg22859061	0.116162314
cg24318032	0.337914214
cg00208504	0.42052035
cg23283495	0.253058826
cg26578682	0.509125658
cg01394884	0.602305938
cg15504461	0.474879769
cg00880290	0.602013025
cg00584174	0.508889851
cg18453320	0.892294291
cg07363697	0.335145607
cg20785796	0.686357817
cg13045555	0.506893822
cg07266404	0.109246322
cg09468836	0.385375395
cg19978181	0.142136616
cg27092594	0.189953252
cg15978039	0.124933811
cg03012556	0.598310188
cg11838152	0.204518808
cg27521476	0.404289024
cg25247837	0.604691125
cg12786570	0.532276541
cg00509108	0.361746223
cg00963378	0.14061261
cg08715720	0.692116075
cg03830329	0.404127725
cg06864895	0.680567792
cg15054725	0.13861957
cg10861599	0.500873337
cg07054687	0.546329078
cg04074004	0.777237401
cg20818806	0.500315375
cg07802710	0.403650553
cg05347794	0.559595911
cg16586530	0.531882639
cg02483661	0.244993492
cg18235050	0.144611863
cg19801921	0.281182847
cg17820022	0.532191665
cg06753439	0.298854786
cg04465730	0.670860401
cg14074305	0.686081983
cg14766620	0.452294225
cg16214653	0.376722123
cg20327845	0.517128782
cg09990852	0.411484626
cg02452500	0.471163148
cg26311501	0.367724196
cg07420274	0.531670852
cg18516557	0.431292229
cg20792376	0.275785826
cg05839762	0.045521602
cg09893465	0.882888121
cg09383172	0.810795111
cg20738500	0.266206574
cg17251713	0.466111679
cg01057573	0.759367863
cg16532282	0.469974812
cg12412575	0.558276697
cg09655403	0.250395338
cg17569032	0.548496387
cg19480198	0.238071639
cg08541649	0.6279204
cg03192598	0.029935545
cg27275352	0.122439923
cg13523819	0.668212146
cg23978657	0.236254229
cg01853561	0.251023649
cg06691343	0.698169842
cg14286546	0.663975335
cg05475091	0.580849626
cg24527636	0.47670309
cg19827875	0.411355529
cg17557766	0.431419426
cg24707573	0.402032271
cg08498747	0.514360182
cg07075387	0.669223118
cg23657388	0.596043187
cg19913426	0.643684573
cg05626376	0.383803182
cg20853771	0.778762223
cg04041976	0.636735409
cg19550904	0.354584719
cg09143801	0.692583221
cg11546709	0.751543154
cg02553516	0.400538215
cg18849025	0.866421809
cg00650176	0.20766331
cg13656404	0.884166006
cg14089436	0.473429717
cg11145302	0.810505623
cg26635219	0.22970226
cg21913335	0.786900631
cg25436486	0.604808236
cg06802641	0.725415168
cg23068558	0.707417854
cg06580014	0.773466688
cg17481912	0.561597167
cg11841394	0.27806125
cg24338920	0.661076677
cg10296238	0.33876235
cg19725903	0.173969283
cg17054060	0.652839235
cg23210478	0.550011418
cg05901462	0.642615204
cg22879834	0.729311754
cg04496895	0.730020586
cg02962944	0.194343388
cg02003183	0.7819861
cg06272045	0.461441927
cg14486905	0.466901756
cg14495514	0.592713558
cg04883026	0.393824101
cg04546413	0.362925299
cg01172183	0.274187506
cg23614811	0.471863604
cg02391713	0.264695653
cg17414101	0.517614288
cg25435255	0.638146889
cg07302677	0.754181216
cg26749518	0.425830844
cg11328898	0.503230489
cg11152263	0.626722149
cg03796943	0.487002282
cg06787912	0.646337314
cg13905238	0.35111895
cg11803843	0.860123693
cg14985891	0.33953897
cg06970190	0.297376312
cg27085741	0.057974052
cg08749305	0.303995857
cg02032221	0.366449868
cg03441452	0.847323182
cg13197560	0.536315799
cg08064683	0.742056561
cg00021256	0.206507581
cg10664305	0.782004866
cg20605061	0.255078414
cg20746482	0.680714563
cg00466334	0.696073215
cg24348240	0.223064197
cg10287032	0.601655919
cg10553103	0.573482295
cg16257051	0.057397767
cg02170103	0.388160775
cg20502977	0.541409507
cg03942051	0.48976573
cg03020006	0.71284036
cg11130630	0.566602297
cg17873048	0.657956972
cg13735645	0.434143083
cg10423052	0.331306108
cg06763776	0.559809732
cg10205045	0.186217261
cg04107251	0.576724546
cg00242627	0.325019503
cg16991765	0.218641442
cg12105941	0.179740184
cg04874286	0.444641576
cg00602295	0.567620232
cg16321280	0.428172478
cg09563216	0.234291019
cg25674883	0.607164412
cg06637774	0.209209535
cg10917547	0.484176939
cg26873880	0.6028956
cg18661205	0.186833267
cg20972453	0.503523689
cg00481644	0.416348667
cg19640166	0.094050896
cg24115232	0.39219131
cg14714046	0.306752716
cg22321572	0.312620662
cg21330896	0.294577865
cg09532840	0.596486829
cg22989843	0.204658285
cg08235161	0.191738948
cg26458142	0.797642862
cg19533977	0.415276771
cg00101629	0.561022616
cg02387326	0.147417373
cg08864645	0.471350941
cg11809668	0.562097813
cg04340114	0.866362901
cg11121623	0.172888022
cg11432962	0.132690532
cg01214012	0.533284312
cg03062944	0.277695495
cg13910651	0.85140434
cg13504411	0.76948918
cg08923594	0.367557586
cg19170991	0.310948771
cg09771595	0.595263446
cg22160448	0.732606217
cg05525812	0.397183639
cg20100910	0.105183876
cg11168433	0.550455137
cg22730148	0.603571039
cg20722088	0.588889092
cg00498089	0.594729359
cg10308833	0.125308353
cg19603134	0.3841563
cg01433109	0.854586425
cg17527589	0.930831986
cg15450139	0.610428272
cg02869459	0.035536809
cg05529278	0.646558613
cg02380585	0.350448722
cg03217995	0.714980872
cg21811143	0.203367038
cg02210934	0.451778931
cg15230883	0.868668004
cg07824824	0.606193462
cg09829164	0.674659032
cg14705010	0.680739135
cg20321706	0.868372061
cg26760589	0.295843096
cg00895196	0.614054525
cg02478907	0.409762483
cg14911521	0.238238776
cg26264232	0.211342416
cg00083042	0.679531728
cg10103266	0.359000475
cg13153708	0.4976451
cg01997006	0.101795035
cg07371589	0.587408063
cg02767242	0.479792593
cg10733123	0.685624185
cg17768491	0.040807071
cg21572599	0.373142786
cg13641903	0.389919429
cg21929183	0.643894986
cg12018718	0.446432412
cg16580616	0.579829243
cg18173235	0.221356979
cg27005749	0.410172946
cg19457763	0.428582159
cg08204023	0.328799667
cg10096948	0.654707594
cg18049182	0.695705278
cg17694130	0.222853942
cg18355562	0.553824325
cg01175550	0.451838734
cg06388730	0.364669334
cg15464821	0.522467713
cg23803709	0.523380183
cg13379325	0.718515642
cg08224563	0.534719143
cg14227325	0.491894438
cg02526790	0.423725814
cg15929771	0.661828856
cg17040303	0.292328199
cg13368198	0.610901576
cg05919456	0.719164817
cg23226168	0.571739663
cg04415270	0.290230299
cg26444951	0.272995209
cg16391955	0.176401359
cg12969193	0.334413548
cg09950208	0.477602376
cg14113970	0.321037947
cg11875085	0.073119579
cg16190266	0.234734914
cg11828180	0.187828393
cg08201451	0.776978073
cg16441900	0.479613757
cg19019849	0.247823467
cg17868538	0.437043183
cg03736795	0.52048797
cg20675391	0.845277954
cg14076258	0.575642279
cg25394782	0.755262572
cg21809927	0.426103168
cg01751134	0.025101782
cg20453861	0.556828013
cg19607165	0.246707161
cg16009558	0.282539722
cg19664185	0.700596966
cg26411822	0.316226401
cg09184832	0.145453334
cg04515268	0.700770581
cg05694089	0.851749367
cg15809959	0.268993594
cg16670554	0.192099243
cg06569139	0.816343808
cg01566965	0.590683528
cg25652751	0.410560238
cg00425843	0.627594482
cg15096327	0.975203815
cg03683087	0.703051583
cg00394180	0.276006425
cg19727801	0.442690568
cg08380379	0.582176537
cg14145801	0.075136686
cg15895925	0.379740768
cg09300114	0.301836474
cg14491820	0.191674199
cg23827572	0.211462972
cg26574334	0.221946976
cg13283153	0.183711632
cg10255237	0.633222585
cg04523661	0.737802112
cg26210445	0.158466646
cg24467535	0.582125625
cg14116153	0.292306283
cg13007843	0.538475541
cg26481727	0.565938098
cg26107890	0.156443379
cg00497909	0.637970487
cg26983835	0.631636369
cg02824888	0.551652055
cg09877744	0.448694737
cg10238145	0.43901091
cg19280586	0.270720968
cg26723524	0.476412001
cg12816198	0.603373733
cg09761040	0.638821815
cg27024408	0.695824039
cg26129545	0.431077846
cg08896939	0.336082168
cg15839431	0.734114861
cg18199386	0.630716305
cg13692446	0.093313005
cg17611046	0.339545038
cg12526997	0.285300848
cg12978105	0.375402164
cg26685375	0.76480757
cg21162344	0.549544591
cg03996020	0.633853816
cg24035245	0.679827912
cg05951084	0.216411317
cg24996565	0.216823138
cg26810939	0.546541027
cg06433023	0.709789542
cg26514961	0.684208395
cg22964926	0.728364789
cg03499234	0.152158126
cg07675998	0.597723986
cg11714320	0.4401536
cg03759001	0.623577755
cg11083416	0.064235594
cg21108085	0.5410998
cg01927745	0.665884691
cg08101036	0.275862136
cg09382127	0.384196341
cg05848579	0.75952637
cg03368099	0.535011477
cg03256090	0.209417254
cg25233685	0.20419612
cg07832111	0.688935412
cg00146756	0.400563933
cg27423838	0.48401563
cg17661717	0.717350349
cg20561863	0.200671586
cg03653726	0.901139642
cg06728252	0.33679433
cg27624327	0.683849367
cg06436854	0.126114837
cg00644317	0.485096503
cg10375078	0.075705428
cg17092985	0.58900407
cg09156207	0.600725491
cg04004158	0.420135701
cg19457237	0.555716564
cg16646024	0.249218795
cg16845701	0.528603943
cg09899185	0.233331531
cg24740868	0.480772591
cg07340025	0.230824114
cg08622757	0.189237594
cg12107530	0.932229575
cg01071459	0.506238457
cg12519676	0.649335304
cg11465213	0.598517802
cg04122815	0.22264206
cg27326113	0.644200599
cg11337945	0.114661798
cg07009284	0.674269442
cg06815950	0.628603632
cg09737314	0.343576048
cg26075184	0.452271071
cg09066326	0.263616959
cg12557114	0.842794543
cg04771946	0.252440846
cg20170223	0.548038062
cg18193094	0.373933176
cg23525438	0.311071981
cg18064927	0.250757674
cg05949331	0.83883939
cg21752469	0.268163318
cg24039697	0.173180383
cg07204874	0.553357144
cg06644655	0.933850976
cg04148089	0.832110798
cg13781678	0.468844005
cg18881778	0.326801843
cg12101498	0.38561576
cg07892597	0.530392509
cg04343927	0.43940889
cg26400275	0.395589624
cg16793394	0.211512444
cg21414842	0.754757641
cg01152019	0.59947916
cg11023900	0.130961272
cg06743703	0.22945049
cg21216015	0.619143253
cg00779056	0.630989816
cg08186005	0.780168793
cg01681847	0.464130848
cg19219778	0.681052207
cg01081168	0.697495114
cg17699214	0.566330967
cg00848594	0.61798749
cg26869412	0.898280808
cg26297005	0.680261746
cg00096328	0.501163771
cg19938436	0.610514717
cg09661951	0.28943224
cg10214640	0.578536594
cg22403469	0.820105042
cg06070263	0.532764435
cg06795233	0.559707586
cg11436025	0.955552133
cg22557091	0.157763948
cg03067367	0.712769863
cg23320499	0.406677457
cg18924324	0.064756754
cg24749362	0.461707379
cg23546474	0.217249107
cg27129755	0.814961154
cg10169241	0.284855325
cg11504078	0.667025681
cg24466738	0.588438845
cg18855674	0.40959026
cg02693607	0.290778506
cg13796250	0.536736313
cg13672078	0.194303896
cg24870729	0.649704022
cg00835745	0.354278986
cg17611686	0.237031583
cg02495310	0.3010234
cg00611227	0.801723663
cg19267551	0.522737633
cg10179569	0.586068125
cg08863830	0.567750645
cg15979348	0.623650328
cg05862356	0.166488136
cg09225449	0.219244628
cg04236178	0.564685883
cg14577373	0.748819768
cg19316407	0.532933284
cg26805263	0.443713096
cg06420834	0.529514918
cg16434331	0.371822006
cg21245684	0.518577791
cg02627455	0.706634556
cg07908237	0.496211907
cg09942546	0.398014387
cg11282828	0.767767997
cg19432993	0.442734229
cg01055868	0.776047239
cg07126783	0.60686293
cg09678971	0.167163311
cg25947945	0.464132006
cg11279838	0.468951258
cg19457477	0.267467064
cg25278663	0.561897058
cg12114200	0.558159545
cg25960090	0.467691853
cg27416847	0.609940654
cg25560696	0.318565591
cg22348992	0.867029668
cg02897974	0.566659886
cg18321548	0.266656313
cg07127888	0.288553313
cg15414638	0.13114888
cg09548390	0.515849672
cg04122873	0.205660595
cg02481934	0.292436768
cg13333800	0.519065904
cg11560589	0.748009773
cg08254359	0.599832622
cg14166701	0.620992757
cg12608565	0.183825883
cg00036011	0.0956195
cg14014955	0.44781947
cg05894801	0.405699497
cg20560283	0.205394905
cg13394491	0.753578397
cg07209071	0.633290201
cg22626683	0.513719078
cg01156295	0.627829293
cg01500431	0.88942753
cg09907068	0.620834475
cg22374940	0.165170012
cg03457729	0.568943019
cg14325153	0.526937243
cg20258698	0.539480014
cg15786205	0.481697784
cg25588792	0.669966385
cg20060108	0.608809446
cg07921371	0.335763753
cg08610862	0.26452483
cg22366088	0.127572177
cg06179152	0.266552136
cg24555089	0.884813405
cg07056644	0.20172389
cg07336350	0.70054697
cg08274637	0.62279251
cg23958704	0.292152924
cg11928275	0.314267009
cg18126442	0.355325253
cg12613618	0.359017942
cg08135406	0.586456313
cg13474848	0.742648919
cg07206676	0.892562492
cg00146928	0.519950473
cg04018288	0.187299839
cg06993307	0.249819037
cg11666770	0.588719214
cg19389372	0.379835705
cg10966582	0.322418893
cg17815049	0.407908109
cg17694351	0.432336696
cg26968498	0.552514976
cg19263868	0.673677945
cg01140660	0.794220277
cg13163833	0.546467528
cg07229767	0.466810898
cg08217388	0.424655199
cg13718418	0.594619451
cg16265717	0.300963636
cg13736514	0.495154656
cg18045515	0.465806527
cg19118904	0.843118839
cg11683663	0.931655004
cg02352281	0.644137915
cg18401367	0.14733069
cg03049691	0.214950524
cg06514699	0.6904156
cg26349474	0.509581074
cg04021372	0.460773818
cg14448169	0.160238277
cg08546690	0.483891353
cg16718263	0.208119902
cg00226831	0.565854559
cg13607709	0.36812529
cg04184716	0.503905046
cg22666103	0.531136792
cg16226866	0.642689578
cg08284263	0.566864469
cg01347682	0.108382596
cg25319656	0.66494335
cg18011916	0.281215114
cg23280506	0.360599849
cg14143723	0.416728233
cg10803871	0.640485619
cg01733904	0.642297058
cg14898623	0.185720846
cg00049440	0.153424814
cg01331772	0.52120323
cg24324985	0.214050003
cg18084609	0.503749035
cg13969788	0.393144859
cg09251600	0.842991661
cg03510349	0.210673921
cg06376520	0.541478919
cg15624813	0.332353707
cg04561727	0.337067251
cg03127558	0.823274912
cg06679334	0.192156594
cg07152605	0.729906716
cg23462772	0.441695197
cg22462010	0.116627719
cg02712224	0.199039747
cg26987928	0.654701512
cg03402369	0.49825089
cg20972294	0.562823244
cg01946401	0.694813521
cg09141835	0.641150277
cg05388880	0.432011429
cg00714672	0.772156227
cg12910087	0.66519678
cg22027471	0.576172337
cg11641102	0.37874002
cg10504392	0.225446017
cg07586008	0.45023279
cg23986590	0.411718551
cg22289155	0.491324403
cg27152208	0.592237395
cg02542817	0.49365907
cg16937268	0.305717024
cg09301200	0.870892452
cg10107434	0.178268514
cg00687306	0.229332286
cg18755798	0.533239396
cg04150100	0.491757035
cg24641186	0.314570339
cg17421417	0.638702068
cg19092981	0.800908811
cg11178337	0.580851303
cg00522231	0.837771597
cg24312283	0.293043439
cg20740711	0.346891504
cg00449767	0.373378444
cg07197785	0.234234907
cg22158650	0.186417935
cg10389936	0.450600745
cg04578090	0.506194747
cg05406088	0.47971061
cg03432241	0.494863954
cg04961235	0.320299491
cg04537567	0.044322845
cg26542218	0.238357892
cg13496270	0.343154905
cg01263942	0.525848683
cg17022548	0.636816135
cg07441518	0.216184454
cg03291755	0.499522483
cg06001205	0.673016044
cg06678678	0.210128177
cg27137258	0.479650617
cg18196829	0.788841209
cg00095859	0.446341673
cg07754999	0.213557658
cg21858614	0.154947841
cg22730864	0.677117913
cg05854694	0.55707186
cg22700015	0.590680504
cg05676622	0.886223065
cg25174438	0.222607204
cg02857760	0.738344334
cg06234051	0.843386867
cg16309876	0.303654501
cg10825710	0.667570972
cg17219660	0.524822647
cg07462756	0.510552512
cg17485021	0.091172839
cg24001710	0.268348906
cg12744859	0.642590216
cg11316517	0.563437018
cg12544191	0.268631971
cg07733851	0.171353681
cg06677089	0.711125937
cg20621313	0.522474497
cg21204530	0.431379858
cg05179645	0.681552489
cg09261793	0.704790779
cg02624905	0.280865861
cg18115040	0.090991731
cg15720089	0.664249356
cg21514612	0.444608283
cg14021133	0.369701179
cg24373253	0.471521528
cg16250868	0.430034674
cg15214448	0.516880142
cg03591606	0.075924117
cg24411961	0.589299926
cg00682734	0.306881601
cg02400773	0.729795549
cg13935009	0.465905606
cg22022580	0.502853927
cg16739441	0.479277975
cg16752592	0.428457641
cg02626129	0.059038548
cg09128529	0.583127748
cg19391924	0.758067508
cg08443605	0.305861249
cg08555653	0.36634943
cg10022248	0.488025537
cg03463523	0.351068012
cg21138550	0.578083184
cg13702536	0.323350344
cg11309462	0.580084873
cg27190385	0.213898596
cg11394600	0.595385289
cg00952054	0.51931277
cg23654401	0.493130759
cg03018931	0.663893234
cg15719652	0.767408272
cg24630957	0.568351226
cg16306259	0.707711196
cg26522157	0.481100294
cg14940165	0.394687596
cg06096336	0.449484143
cg09522018	0.328829905
cg18740429	0.498094144
cg09491944	0.732788921
cg05036656	0.279296057
cg18536118	0.561009025
cg03179291	0.452382476
cg19808205	0.212704018
cg05279513	0.291147419
cg04540383	0.142722937
cg26437009	0.547543237
cg15569292	0.640615654
cg05492170	0.553873538
cg15812753	0.431147817
cg09339818	0.163939292
cg10037894	0.403724733
cg12559208	0.233052002
cg13412754	0.378974935
cg04367345	0.228818928
cg09140778	0.062508775
cg12333160	0.453988343
cg07080050	0.230005085
cg17306261	0.073273388
cg10292154	0.068086005
cg18107697	0.371518529
cg21696827	0.770260597
cg23501228	0.76570756
cg02852025	0.42815363
cg06537526	0.536174193
cg20504791	0.465463176
cg03773809	0.39763693
cg03564793	0.527468844
cg19913626	0.492510711
cg05257086	0.811611159
cg21725878	0.745027301
cg24833737	0.656928885
cg20617957	0.308139663
cg17008486	0.699719115
cg14841540	0.451619953
cg18560936	0.492620872
cg26736232	0.624098923
cg03188000	0.3263109
cg23279355	0.212123065
cg09645818	0.675111202
cg00795900	0.292634081
cg00505001	0.181359294
cg04761722	0.270776024
cg22340475	0.534996647
cg01178680	0.661865094
cg00469814	0.831038374
cg18850127	0.417691283
cg07380200	0.503729303
cg07593205	0.610213574
cg11230435	0.357580646
cg10113526	0.361799364
cg12760869	0.454328457
cg03495084	0.386361657
cg09313482	0.438716026
cg06476438	0.488547917
cg10660256	0.409657663
cg04362586	0.726716853
cg11932072	0.591851469
cg01872593	0.505089265
cg17980404	0.286436711
cg09166091	0.318919493
cg11815473	0.484543988
cg25032595	0.206065828
cg22395765	0.384182992
cg19638477	0.286193364
cg25020073	0.622548128
cg20740157	0.183203894
cg04590790	0.64594596
cg19467964	0.530899439
cg06596991	0.15204224
cg16793199	0.675236211
cg10142436	0.671677524
cg01169021	0.49068442
cg09075515	0.501365855
cg01990910	0.839011783
cg11619961	0.573288491
cg03171003	0.340535706
cg20342432	0.590983062
cg18586886	0.045388169
cg03388789	0.575639236
cg12918421	0.509053914
cg26348614	0.525917752
cg23874437	0.592947146
cg09257635	0.779125467
cg21474774	0.548162045
cg13070763	0.309124236
cg08416194	0.179837441
cg19575372	0.136068053
cg07128416	0.629089692
cg05516271	0.761050216
cg10171357	0.716703247
cg05021743	0.12601073
cg21721825	0.403791906
cg16956686	0.760610743
cg24211976	0.508577983
cg10502118	0.144363658
cg10965131	0.403301637
cg14270687	0.290074229
cg06273075	0.332486928
cg26872907	0.199209369
cg10772263	0.666508404
cg13736376	0.353021932
cg22932808	0.253967308
cg27621721	0.535502591
cg12710531	0.835832405
cg20152309	0.504068033
cg27232866	0.0527078
cg13476854	0.300682562
cg23866687	0.201194364
cg03947814	0.383535107
cg26733846	0.589218028
cg12304520	0.531766153
cg26917828	0.697933883
cg12243980	0.878096095
cg07376381	0.401768645
cg19076425	0.741910742
cg03137071	0.58076734
cg21851534	0.41022184
cg16342115	0.455515042
cg10854092	0.517342273
cg24974365	0.427191899
cg15979937	0.789291837
cg13491462	0.122815276
cg17579154	0.792012168
cg24597774	0.715184455
cg04609245	0.274264826
cg21502834	0.374126473
cg20340346	0.821396438
cg27408541	0.470007944
cg12021814	0.49325699
cg19916659	0.249567817
cg04851639	0.56206508
cg27654945	0.689610989
cg25946059	0.243080499
cg14987431	0.46789399
cg24902920	0.559508349
cg01603973	0.173218518
cg10329418	0.462034805
cg19106932	0.312396735
cg16006349	0.311157103
cg24933060	0.458494098
cg10777461	0.675771649
cg10958362	0.262733099
cg24995678	0.71837159
cg06127316	0.563788913
cg25481160	0.508005404
cg24927890	0.530633103
cg05361489	0.377692765
cg02561771	0.498329872
cg00774005	0.527745563
cg13912311	0.327310618
cg16528345	0.774471431
cg14391923	0.492418907
cg20326248	0.803615288
cg23336695	0.595434044
cg15334372	0.656105548
cg21952115	0.451334426
cg27616039	0.708497156
cg03972751	0.533940557
cg19092343	0.642221544
cg11565786	0.559471625
cg23936766	0.423433709
cg01649611	0.287604661
cg21207636	0.792681548
cg07094915	0.310499198
cg04197086	0.493488
cg01489756	0.767379798
cg17311132	0.623155517
cg21911930	0.678972511
cg10890302	0.439211396
cg02501410	0.477168749
cg22697034	0.796625284
cg02404377	0.621542445
cg26894278	0.507885549
cg23057870	0.472178778
cg15066837	0.566785441
cg02394701	0.627492843
cg23707540	0.305602854
cg15575538	0.590293375
cg03218584	0.607983996
cg03638781	0.501935508
cg05772155	0.237038425
cg24435747	0.604209882
cg02213103	0.188881518
cg21865150	0.360605436
cg08381620	0.548204822
cg03591690	0.514237689
cg22870775	0.225412327
cg15876825	0.725176221
cg20927731	0.220111768
cg04086531	0.643143065
cg02093902	0.574068815
cg10359460	0.7138223
cg17656763	0.54526677
cg15515258	0.221257152
cg04420309	0.060404639
cg24895142	0.249606348
cg23261107	0.34120883
cg05886546	0.559353386
cg14557064	0.761773307
cg23248357	0.073997536
cg19518093	0.576657898
cg17453840	0.490754266
cg04457069	0.317278738
cg00698771	0.704308867
cg18527574	0.780022293
cg11011512	0.650404796
cg24722577	0.493509663
cg01042948	0.724629109
cg11801524	0.550428915
cg02369450	0.930203018
cg08761443	0.662816823
cg07243366	0.733894192
cg19317211	0.090848252
cg05650559	0.675521227
cg26913248	0.472034879
cg07349208	0.136905565
cg02044895	0.626927662
cg03871460	0.308576346
cg09262230	0.572243716
cg18459152	0.620344219
cg11369736	0.522789913
cg00400827	0.636900489
cg24683222	0.726065634
cg26434983	0.315816275
cg20663376	0.175441367
cg26758986	0.309356405
cg17615115	0.592165981
cg26143452	0.570601137
cg12638731	0.303767539
cg07156249	0.494199976
cg03681926	0.482391541
cg13356455	0.562073412
cg17342132	0.448092536
cg14414903	0.362458563
cg21617353	0.419605949
cg18183624	0.678253716
cg17819635	0.353805478
cg26021246	0.087085815
cg15552843	0.282451037
cg21775245	0.493762346
cg21185289	0.020563327
cg20228731	0.509559254
cg18183671	0.543146558
cg10248279	0.695578093
cg15118447	0.401642811
cg22534374	0.691934008
cg08887742	0.639162678
cg13265740	0.572958905
cg04177251	0.571735159
cg20455854	0.236003196
cg05626259	0.336467656
cg15786900	0.429799214
cg26828599	0.724543897
cg20824989	0.074436826
cg13246026	0.50071193
cg08971667	0.530871718
cg08473330	0.364780115
cg19940312	0.468391873
cg26109154	0.762926337
cg14215472	0.209909603
cg06965072	0.500555896
cg05033239	0.138598006
cg21453378	0.783851704
cg03222323	0.226842179
cg18109320	0.237865906
cg22328837	0.680140155
cg11608390	0.353111305
cg13897388	0.518021305
cg16170767	0.341425195
cg21182108	0.52430498
cg14772884	0.741624108
cg16511229	0.726867995
cg25736251	0.744145464
cg16357434	0.629193853
cg05649077	0.417768366
cg05991009	0.599353401
cg12560020	0.269062912
cg19204131	0.274131167
cg12058490	0.647853038
cg25527494	0.1141469
cg14003693	0.762262663
cg18664869	0.133281869
cg23416081	0.427523876
cg18371052	0.358028573
cg21317965	0.307409087
cg16937769	0.498328841
cg20038493	0.398094248
cg15742818	0.79954645
cg21210232	0.405262929
cg02551743	0.706609914
cg06083506	0.615420144
cg03191794	0.771267678
cg07470694	0.827694161
cg09545579	0.458595407
cg22222413	0.290424857
cg08500417	0.596568138
cg16184495	0.495006086
cg07440264	0.539883651
cg21718735	0.453759568
cg24479859	0.523346222
cg25296103	0.414860515
cg09731996	0.496387768
cg07837078	0.491797962
cg08420572	0.353241827
cg02711397	0.103677119
cg22807732	0.520749923
cg07838270	0.785534721
cg00268185	0.193693646
cg02656871	0.720070362
cg04408104	0.231246019
cg03168029	0.546953199
cg24681125	0.604023404
cg20549346	0.737957833
cg27260684	0.695100516
cg08787837	0.208123295
cg20088245	0.561645617
cg19876672	0.203062788
cg06738242	0.382485855
cg17749509	0.755824822
cg16973098	0.268561175
cg22648135	0.335444633
cg15724256	0.270571297
cg15571405	0.239880373
cg14448830	0.189413674
cg05766896	0.599094576
cg22346461	0.454872282
cg10966876	0.419973028
cg23101649	0.732422394
cg02155658	0.403749019
cg03031988	0.355776914
cg16141740	0.28671463
cg10028823	0.61181205
cg02820836	0.222790002
cg16675758	0.445346694
cg24122498	0.174440833
cg05130482	0.549081176
cg22798707	0.217268544
cg14067761	0.322905857
cg18803147	0.689816062
cg11401986	0.517975497
cg04295144	0.36583768
cg12546582	0.728078795
cg07323648	0.149957668
cg06309788	0.31326736
cg06938601	0.486902991
cg10884288	0.03791215
cg11601252	0.127178014
cg25129097	0.707929188
cg16725225	0.581510666
cg19987356	0.865798447
cg20185461	0.366025543
cg02644510	0.096768394
cg07745671	0.664723351
cg25090972	0.134275988
cg05550420	0.339244834
cg00751021	0.238143709
cg05222995	0.652483601
cg03877420	0.379682489
cg07741162	0.620772714
cg08697503	0.27219664
cg06934774	0.799483178
cg00083790	0.450929144
cg21699330	0.509185365
cg00711072	0.751043926
cg26342147	0.551157522
cg26101485	0.604871389
cg27518240	0.468955159
cg22550815	0.641327869
cg12152338	0.763265533
cg12669271	0.633483012
cg24865623	0.364987978
cg11703729	0.598257906
cg21176130	0.283496656
cg01959123	0.28124153
cg16017979	0.524473266
cg23706819	0.535353314
cg03318904	0.442009856
cg05078817	0.549428247
cg04468081	0.882125425
cg11969813	0.661085423
cg23969554	0.482580425
cg05321361	0.381077775
cg26293019	0.312174533
cg18664514	0.394882793
cg23089272	0.543472851
cg15881238	0.56272303
cg13777287	0.59500061
cg13997975	0.752621584
cg15766101	0.132156196
cg17857974	0.458491171
cg09851343	0.712564535
cg08072507	0.795495278
cg11676353	0.31114542
cg18437792	0.444976833
cg21291759	0.726717816
cg10314052	0.654458401
cg27496339	0.587837101
cg12167489	0.413248617
cg08808042	0.775582709
cg05453924	0.649805649
cg09392827	0.598881062
cg02919615	0.165522648
cg03655683	0.435949177
cg24693053	0.249000137
cg27357918	0.572406868
cg12853648	0.533624853
cg24560678	0.546981493
cg01461552	0.178936185
cg03682719	0.339414384
cg19637330	0.501479866
cg24366429	0.628948371
cg12719030	0.50236051
cg03844894	0.41151071
cg21679391	0.460488863
cg05709578	0.359737618
cg20761810	0.465655507
cg11282676	0.224086776
cg05937603	0.684643869
cg18687675	0.193860389
cg01450725	0.40063167
cg21399203	0.646623941
cg17757602	0.057397841
cg09331335	0.177379338
cg27565650	0.416569493
cg20951825	0.652353909
cg11362596	0.624445024
cg11194925	0.450834239
cg06889571	0.54230382
cg01941243	0.710254129
cg01332054	0.573954396
cg21946195	0.671516352
cg22078710	0.089117617
cg01550055	0.268972641
cg13951491	0.252191457
cg04743758	0.062031056
cg25716814	0.260002423
cg08049853	0.288445025
cg06005891	0.168131423
cg11437253	0.350896074
cg03621974	0.447375863
cg14565903	0.292971313
cg18061711	0.52819939
cg00120932	0.520780301
cg18770446	0.843718352
cg06647930	0.645754133
cg21460606	0.064238546
cg20120208	0.29075691
cg05193162	0.561198996
cg04093633	0.539996107
cg21399510	0.132206312
cg23340935	0.895489252
cg06152586	0.473487409
cg08029281	0.309320011
cg00187686	0.561409444
cg19919590	0.380424362
cg07890238	0.464470818
cg07402669	0.065895833
cg00573835	0.288213788
cg16580985	0.311249372
cg05544500	0.490454616
cg05099537	0.221277318
cg21252105	0.457519753
cg17881200	0.409676083
cg14433074	0.143815765
cg04532613	0.372377062
cg07964754	0.527061521
cg13340765	0.759199366
cg10316525	0.75931425
cg02466246	0.480901926
cg04543233	0.315157436
cg21029612	0.080533825
cg04087742	0.362267148
cg26657404	0.53696577
cg16175263	0.367415691
cg16708623	0.4239533
cg12972705	0.537367143
cg14160480	0.656868489
cg24105685	0.751935131
cg18007837	0.324948081
cg11680055	0.385955815
cg25800765	0.321268818
cg13462129	0.454824634
cg16139249	0.591747355
cg15085205	0.581001319
cg08483376	0.130260679
cg14326671	0.072368906
cg00661777	0.709008444
cg26090107	0.340817485
cg21961487	0.257430268
cg01135754	0.402445773
cg12422351	0.410679532
cg14071324	0.533200981
cg25761791	0.762187585
cg27175943	0.831748772
cg15315385	0.270804495
cg11103390	0.312010419
cg16766036	0.401219039
cg10584024	0.484230527
cg12676534	0.682841806
cg18984452	0.425558029
cg26307218	0.257904815
cg15291243	0.338686892
cg25588844	0.432866639
cg13434842	0.309638606
cg05992786	0.424608425
cg10243004	0.393726888
cg00044107	0.563844754
cg19058865	0.058638689
cg04802271	0.013606285
cg07796016	0.532213767
cg04573500	0.475750474
cg11354105	0.304041784
cg07268245	0.607660801
cg21181051	0.788176244
cg12361088	0.726034583
cg24028634	0.211071929
cg18995143	0.433102493
cg08867825	0.25281373
cg08003353	0.17175905
cg21201393	0.54040883
cg12486308	0.049718392
cg09121047	0.352699499
cg14862207	0.050963392
cg16100355	0.918773296
cg26828533	0.537418195
cg11637695	0.808670865
cg23921031	0.672765759
cg27338466	0.58140024
cg06187770	0.349075728
cg09419444	0.357934241
cg18121224	0.622550405
cg10547050	0.219366023
cg22511262	0.135052041
cg22871653	0.553527476
cg02775417	0.983714309
cg18440692	0.57712697
cg14345572	0.424519168
cg15339231	0.35212446
cg11433866	0.655146498
cg14563363	0.619561325
cg13572511	0.244600566
cg27485906	0.300603365
cg03936663	0.224183385
cg10166664	0.736170927
cg13245152	0.45958407
cg06685968	0.103030775
cg15939287	0.66078645
cg06896987	0.390122068
cg08882547	0.303582243
cg08003402	0.439788769
cg22337407	0.748026662
cg15633369	0.531094219
cg05596621	0.691086911
cg27436118	0.582274304
cg10396171	0.508771806
cg14827929	0.768800984
cg25123362	0.419758182
cg00377344	0.58858328
cg06105699	0.69349082
cg20806725	0.417662044
cg17327331	0.424485496
cg00221654	0.397439684
cg02561912	0.334838524
cg18527241	0.267186718
cg10063663	0.48772252
cg01552711	0.790174728
cg25692139	0.544116545
cg06419850	0.145461421
cg22557662	0.092202567
cg04685170	0.283514039
cg14870136	0.64900627
cg02753187	0.373956666
cg06246999	0.50953856
cg06775073	0.524189664
cg01021742	0.457021495
cg05349245	0.445627157
cg02447304	0.254939345
cg15137566	0.479864258
cg22595460	0.307103723
cg04963480	0.480533856
cg19519747	0.663721635
cg01218903	0.913674938
cg20546601	0.557628874
cg14722290	0.676496133
cg23506728	0.542552791
cg15030949	0.550430724
cg10836912	0.665244043
cg20683765	0.306119921
cg25247520	0.511375332
cg07980777	0.748248364
cg14362113	0.612897499
cg25417842	0.482386183
cg11707310	0.940591409
cg05671385	0.491895271
cg26946092	0.461238541
cg00451642	0.396961955
cg23298862	0.566758147
cg01602730	0.30943743
cg11560280	0.069960989
cg14187844	0.216770761
cg19594666	0.352057758
cg04681600	0.340418476
cg11416290	0.195188203
cg07941927	0.364178336
cg16240368	0.245816151
cg17085576	0.543135258
cg04272355	0.472858778
cg09550083	0.822069657
cg24074594	0.545846074
cg08202494	0.598552479
cg16243019	0.469810308
cg10307052	0.697534298
cg09669754	0.412754579
cg23184042	0.700163623
cg20436206	0.751691431
cg24151207	0.502876568
cg15569052	0.592935118
cg19373813	0.448060041
cg16454495	0.616023987
cg16168668	0.3280562
cg14605520	0.625015945
cg19969694	0.399094475
cg19543867	0.401883682
cg04703620	0.406533215
cg03196720	0.641910566
cg00793719	0.645535629
cg05758861	0.638645866
cg20822028	0.524746209
cg26686009	0.547837625
cg00912746	0.389559223
cg05054531	0.775009928
cg20684180	0.146060618
cg21431832	0.482282304
cg09427568	0.591350974
cg09862148	0.500386406
cg15867652	0.644750362
cg07911905	0.810908105
cg13744508	0.454405798
cg17848496	0.796581712
cg11234688	0.422658321
cg09993699	0.624982546
cg26820636	0.55693596
cg11254700	0.101901459
cg20608783	0.752989803
cg14013695	0.681706848
cg25610515	0.286513437
cg14239111	0.796652713
cg09583041	0.565884458
cg14668747	0.075835999
cg19183743	0.435355806
cg15174117	0.45524411
cg09440788	0.416428288
cg27652350	0.337141489
cg11043571	0.706683268
cg27441225	0.087223317
cg01016191	0.580131147
cg23995753	0.360422658
cg16497398	0.579307048
cg07045891	0.123940261
cg22488891	0.77259595
cg17277001	0.382355374
cg04194674	0.029176735
cg10195901	0.549127115
cg10945274	0.133186334
cg04095069	0.620535537
cg15601050	0.179183018
cg01248745	0.440455373
cg07997936	0.155766286
cg06746318	0.953129515
cg03698009	0.125006247
cg15507690	0.57272493
cg20066782	0.740867462
cg16750777	0.486176772
cg06892548	0.67459306
cg06752054	0.213426864
cg09900436	0.377083148
cg07294785	0.792168479
cg18344930	0.247116105
cg23146833	0.316818083
cg26402169	0.835918606
cg22171993	0.533858328
cg19726712	0.551228377
cg00055617	0.295932234
cg19495013	0.180636678
cg01383955	0.398089692
cg01340310	0.962800105
cg04707408	0.503665728
cg26820037	0.35415224
cg24646414	0.263375185
cg18782991	0.099338952
cg03974889	0.274296798
cg02235497	0.511069141
cg22002034	0.645353288
cg26272623	0.512548606
cg11992783	0.542381011
cg24701575	0.393833874
cg12423473	0.813186829
cg00421624	0.633449554
cg05057910	0.691846252
cg10792625	0.647357512
cg14297340	0.526333297
cg21136104	0.527636117
cg11147278	0.353168267
cg18220920	0.390692992
cg19631762	0.495788204
cg13446906	0.360941457
cg21950107	0.656614694
cg00860354	0.421255961
cg00249383	0.607492618
cg26688527	0.162613405
cg09672187	0.38534037
cg01719405	0.421162085
cg27239981	0.55715731
cg00715197	0.615879267
cg09647671	0.764909323
cg12955789	0.522132394
cg04392284	0.707926467
cg22612448	0.374724001
cg12756504	0.573583679
cg04478428	0.210773665
cg10542172	0.853377614
cg14557699	0.338492098
cg21837192	0.435949203
cg02017450	0.347029318
cg07942479	0.418551072
cg22633096	0.61547625
cg01085129	0.721324604
cg20960181	0.390242499
cg23685155	0.357405348
cg12066473	0.534659478
cg18567041	0.382793054
cg16600634	0.386332584
cg00445443	0.396476773
cg23670372	0.902329801
cg00005740	0.614112304
cg09865015	0.593937825
cg09655329	0.39264724
cg16394290	0.35013612
cg25978218	0.620980188
cg10082647	0.462274416
cg06218338	0.550475976
cg13585930	0.426900211
cg23089425	0.504812238
cg10290504	0.234195558
cg02190928	0.577425161
cg07120346	0.10170932
cg18351406	0.338277993
cg27109748	0.577182957
cg02729303	0.489519427
cg17514766	0.356097454
cg22977892	0.410000809
cg08821738	0.321616892
cg24757926	0.497618728
cg16143578	0.615543598
cg03689092	0.52637618
cg18186081	0.775458483
cg17982497	0.545467511
cg05614657	0.522420225
cg02718825	0.311547967
cg17585615	0.196959734
cg20615879	0.242351174
cg07660750	0.609284859
cg00790020	0.405070838
cg16322121	0.789404333
cg11350586	0.617952037
cg13713830	0.202990072
cg23187316	0.46080438
cg08662620	0.538047453
cg18607411	0.503416489
cg18561945	0.499751419
cg07960624	0.339618012
cg25834768	0.613288007
cg03448915	0.543113788
cg03295274	0.523970936
cg05342515	0.419123127
cg15300436	0.509544925
cg14343017	0.775544587
cg05272349	0.519023532
cg06017490	0.767473899
cg04879211	0.704070181
cg23998071	0.21154683
cg11970204	0.624342063
cg11540476	0.546194435
cg10935762	0.373745771
cg19381811	0.321911182
cg13033858	0.431517091
cg07285237	0.409658342
cg13941436	0.603449309
cg26611765	0.671108219
cg27427581	0.465700787
cg10485752	0.5388641
cg07583851	0.479071088
cg08349497	0.35127467
cg14228146	0.426908039
cg11921736	0.513995452
cg26777836	0.216594039
cg15680288	0.186375075
cg08526412	0.423124478
cg12713060	0.480784169
cg22452230	0.508942319
cg25287257	0.082752288
cg00799539	0.273559419
cg04194947	0.853775511
cg21648376	0.663019064
cg26846424	0.168728318
cg16306078	0.681060613
cg26678383	0.520015831
cg20521198	0.560827877
cg04816803	0.630347073
cg04381865	0.622957214
cg07093428	0.639942285
cg22547861	0.531187738
cg09173768	0.721023728
cg04728296	0.142357548
cg09098522	0.475728762
cg15726154	0.548948549
cg15094236	0.59391376
cg07981013	0.170393234
cg10687131	0.389048838
cg06211872	0.548273684
cg10074409	0.181783668
cg16810605	0.096983684
cg21490444	0.485285699
cg25975621	0.185247603
cg12169889	0.562250186
cg22005990	0.151168523
cg12880095	0.708046615
cg18331412	0.288997166
cg23068499	0.501235138
cg26034341	0.708448133
cg05027713	0.685049636
cg18761549	0.4937421
cg24947379	0.652439433
cg19904058	0.597164836
cg09129067	0.140611912
cg22993195	0.588638243
cg05266321	0.248417416
cg06241101	0.321621732
cg00663077	0.298032341
cg04193970	0.195959375
cg14639847	0.08549577
cg18006637	0.598806601
cg22743884	0.590395535
cg16018921	0.64680462
cg20824939	0.510175036
cg11825642	0.650318074
cg17218154	0.589136782
cg01564135	0.591009124
cg03301579	0.596166284
cg09026722	0.603793619
cg08332594	0.337660429
cg12182937	0.635454543
cg17647537	0.599619882
cg14643892	0.203654401
cg21124375	0.347980343
cg07096305	0.070269877
cg10310168	0.48079705
cg20813139	0.376802387
cg19987665	0.266158824
cg11314617	0.427912581
cg06041909	0.48516337
cg02396224	0.520004466
cg03048432	0.714650557
cg23207527	0.720359366
cg13829104	0.687812076
cg18470427	0.47088084
cg00858840	0.219089969
cg17511968	0.58244919
cg10846615	0.551393656
cg19921917	0.454261662
cg16541998	0.683261235
cg10803098	0.396935558
cg23588462	0.279478485
cg18244817	0.155223309
cg14931884	0.332285058
cg00106565	0.706442327
cg13709982	0.18502309
cg13337731	0.374624809
cg08329684	0.758047038
cg06993467	0.692768011
cg03880611	0.461933869
cg09386073	0.345592922
cg10903903	0.110798025
cg09846875	0.133777892
cg08645670	0.196610159
cg12212453	0.455150265
cg27533704	0.234861344
cg10140309	0.734659135
cg06968859	0.410539853
cg16196021	0.557992337
cg06580800	0.456283573
cg02335251	0.420954589
cg20011075	0.851503978
cg17171215	0.189919015
cg14909730	0.098827892
cg21880392	0.523809582
cg15317815	0.333362666
cg23325900	0.485109108
cg14283647	0.759965856
cg06005169	0.496063113
cg05721365	0.09973743
cg05065239	0.244154821
cg19503640	0.836106436
cg08113187	0.467941303
cg07028396	0.597267327
cg00894757	0.266667315
cg02849695	0.250049115
cg18289710	0.726291806
cg23878490	0.75402908
cg20236089	0.29079745
cg06206057	0.46126847
cg01614237	0.03907115
cg23352695	0.76899265
cg13867255	0.51335338
cg03630736	0.57324714
cg12658720	0.047640697
cg22308726	0.765676944
cg13917662	0.315386014
cg26917140	0.294241103
cg18692678	0.351389199
cg02334722	0.342512416
cg17242937	0.48822025
cg24006505	0.396407361
cg24846199	0.134522266
cg20659752	0.580491927
cg05506446	0.371656699
cg01295399	0.348433595
cg20509513	0.422622239
cg17167832	0.473565694
cg20654468	0.534482948
cg24139732	0.180893308
cg03455736	0.738189038
cg08426157	0.438149224
cg20744756	0.541902388
cg06821828	0.324306572
cg26491818	0.780876802
cg07844977	0.277238802
cg24621972	0.282447811
cg18689332	0.504583486
cg02134720	0.712411342
cg04119462	0.582375723
cg02482730	0.404816823
cg13933734	0.607668045
cg11723077	0.598935411
cg00919702	0.757424048
cg03953660	0.055824804
cg09284949	0.13287847
cg15577272	0.492930169
cg26630735	0.211390303
cg10451262	0.503115864
cg05935311	0.501840632
cg17926328	0.422658698
cg12534008	0.50453319
cg11197061	0.433108142
cg14208234	0.777338038
cg03998066	0.765197853
cg06717565	0.32985986
cg25722073	0.489472579
cg09759446	0.597573149
cg03387092	0.679335006
cg13962347	0.548266124
cg02370877	0.452818865
cg04843555	0.371788214
cg20449590	0.174656807
cg06614118	0.793512781
cg20082877	0.446082191
cg14478713	0.372926149
cg21374307	0.392289939
cg18082638	0.26918673
cg04723534	0.382666532
cg16206090	0.717984382
cg21538208	0.804817496
cg12609063	0.648697397
cg21234032	0.687833243
cg12338137	0.614502299
cg08609578	0.311468133
cg14981532	0.332051258
cg02000808	0.613607807
cg15835620	0.282758128
cg22941646	0.387348637
cg05000761	0.677991731
cg05720733	0.569672845
cg04173816	0.515490819
cg08476843	0.622067108
cg23250906	0.770902414
cg04716021	0.400507328
cg01311360	0.346642796
cg08460041	0.150466616
cg25926515	0.358446391
cg14669379	0.118294292
cg00098799	0.557802717
cg02335642	0.202314136
cg24940576	0.432781072
cg07747133	0.204591032
cg15605858	0.168655164
cg27106643	0.355014884
cg22647546	0.594371758
cg11798406	0.496217744
cg16291276	0.222657577
cg05130816	0.472367633
cg24414325	0.510170146
cg05951576	0.117499366
cg00453735	0.495837932
cg26154534	0.24586888
cg13365524	0.321206213
cg08917933	0.280944383
cg13499717	0.488170548
cg13293524	0.406313225
cg15845673	0.7636338
cg19689322	0.38296844
cg22579075	0.234904681
cg04187185	0.125891566
cg06647007	0.553806478
cg21363050	0.250849906
cg07568296	0.716302974
cg14972576	0.293039688
cg12710648	0.741244979
cg26620710	0.380942918
cg04604708	0.554501236
cg18040878	0.622279137
cg26282792	0.365054672
cg14712202	0.519919261
cg21546522	0.405931947
cg01414882	0.41787813
cg26802256	0.195732838
cg00299558	0.517073245
cg10198568	0.859442853
cg26643967	0.535453573
cg13636189	0.324642537
cg15913815	0.593617616
cg01165402	0.356751144
cg16210324	0.683766451
cg13578841	0.560150255
cg26882164	0.321530725
cg24128590	0.636957591
cg03604774	0.523630438
cg07944862	0.477274217
cg06372850	0.20723984
cg08548659	0.46181002
cg00805619	0.43162343
cg16063747	0.088476944
cg16775752	0.488597482
cg21553283	0.89187836
cg03846076	0.501324447
cg15202102	0.039719084
cg19246197	0.459110782
cg02927252	0.41697034
cg00182893	0.581637189
cg08287211	0.700881229
cg25660390	0.291214905
cg01913259	0.695868785
cg27125645	0.162313771
cg24720583	0.089140851
cg21568145	0.280690397
cg02928365	0.24108462
cg11949518	0.928614774
cg04296699	0.126764995
cg19536929	0.726137791
cg07148407	0.817821409
cg12468478	0.272464295
cg16493531	0.082979221
cg15910502	0.345984026
cg10714639	0.413483528
cg00643814	0.425156187
cg22782986	0.30194216
cg09418922	0.89614571
cg27091865	0.49182105
cg20688917	0.609378979
cg02388453	0.783363719
cg03479694	0.376550577
cg10552446	0.366847486
cg16019434	0.426432727
cg11248896	0.391355404
cg18864124	0.575978976
cg05834036	0.50664236
cg12291059	0.654996107
cg12512013	0.455647828
cg20785098	0.634619854
cg01803928	0.617433511
cg11984971	0.511915741
cg02582848	0.628951359
cg15387132	0.060063445
cg04781796	0.904674026
cg08555682	0.244866753
cg18698431	0.353372118
cg02452966	0.201399716
cg05904716	0.20607185
cg20427318	0.438674139
cg01787574	0.362844205
cg27262041	0.497731824
cg20711812	0.182861608
cg16026103	0.835485041
cg00524374	0.25854931
cg03111404	0.211611384
cg02928664	0.366394237
cg14608581	0.243629442
cg26031954	0.598775658
cg13261971	0.699634477
cg20471413	0.39460935
cg26795333	0.319134641
cg06883126	0.393930329
cg15974196	0.545137821
cg25361175	0.931888671
cg18132851	0.210591916
cg14873022	0.691008424
cg12910797	0.43320081
cg04396251	0.72516674
cg06916239	0.130629144
cg20349024	0.15349337
cg24188163	0.574394565
cg09897374	0.260694413
cg19240213	0.668653788
cg11186706	0.622261295
cg27054424	0.397886136
cg18625916	0.421917598
cg19866195	0.304380742
cg14881393	0.532760054
cg15661753	0.354696579
cg17851046	0.182518927
cg07271996	0.68380852
cg05675514	0.16031238
cg18705808	0.453533441
cg14367995	0.131114769
cg03690956	0.350226199
cg26049390	0.584176609
cg11739758	0.078832926
cg00512872	0.20582717
cg24668061	0.434814541
cg07133930	0.32261988
cg07214164	0.468102267
cg20121142	0.12799794
cg14058100	0.748862797
cg02332696	0.584845811
cg20994254	0.289766419
cg03946532	0.648621957
cg27409910	0.434400644
cg17102648	0.46685696
cg05547778	0.591604999
cg14272084	0.313267232
cg09684112	0.754836165
cg02119938	0.289717158
cg10622551	0.315574349
cg08039854	0.594781798
cg18465694	0.154419276
cg02643054	0.205000566
cg09902229	0.129574506
cg05013438	0.652390265
cg06186245	0.481470254
cg11251135	0.497557054
cg26912671	0.850459743
cg01942318	0.560779163
cg01663018	0.052408673
cg07584855	0.857936128
cg08654915	0.545949747
cg10763594	0.427546364
cg21160099	0.377996474
cg09430976	0.336263945
cg17129986	0.046957894
cg06225634	0.501116478
cg16308540	0.647909935
cg09978860	0.472890501
cg26690742	0.570208086
cg27664496	0.321745019
cg01869342	0.57213676
cg24913794	0.514920409
cg19797376	0.44172326
cg11101117	0.338713617
cg24509919	0.527579151
cg25301532	0.591958956
cg08162465	0.567125519
cg22272840	0.706964686
cg08944961	0.607107871
cg10596483	0.385055375
cg07201475	0.513254986
cg26337998	0.186513968
cg16732616	0.024980905
cg07600533	0.281606736
cg11090364	0.053699035
cg23485307	0.717048609
cg19027424	0.283146168
cg13998990	0.782666345
cg09616536	0.832682836
cg10024909	0.426661272
cg23874561	0.108895246
cg01569346	0.472320326
cg19521279	0.395746967
cg21507078	0.60634791
cg07013148	0.619709443
cg07602744	0.118098424
cg20801110	0.453841501
cg17009842	0.18750683
cg19867917	0.582977654
cg01270424	0.115972971
cg17907200	0.5207854
cg14197503	0.446594801
cg24184737	0.499658619
cg06259025	0.190138496
cg19576241	0.739954912
cg00055764	0.676483101
cg01116873	0.603058924
cg14552947	0.43281013
cg21171115	0.408877934
cg25592526	0.266507518
cg21048700	0.385362869
cg02417084	0.461517766
cg19650573	0.665899481
cg17133734	0.519359207
cg22700246	0.478911841
cg26757221	0.448747217
cg12462499	0.776279491
cg04707013	0.619706952
cg25267808	0.197972215
cg05146756	0.48000941
cg04921315	0.162741595
cg15611336	0.179659325
cg05088820	0.519183086
cg14241894	0.741134656
cg26883974	0.322420547
cg01984802	0.298266503
cg07161369	0.376980002
cg26919149	0.320481486
cg26555052	0.779184272
cg08822075	0.523234164
cg21189224	0.63922358
cg23873996	0.603809409
cg14925024	0.512256342
cg02366931	0.415257289
cg27485596	0.305675619
cg01884917	0.801862077
cg00993830	0.68788529
cg04899656	0.592532121
cg14236976	0.357144675
cg19228334	0.529716991
cg25711558	0.556800983
cg18480654	0.53426789
cg11702896	0.388277335
cg16984522	0.766914548
cg08133631	0.491226882
cg16933229	0.423486264
cg11728747	0.560702765
cg18074297	0.127246068
cg14738670	0.33087368
cg14499053	0.538418584
cg20300343	0.137088897
cg11783834	0.648233004
cg00346985	0.563179796
cg23533419	0.518833082
cg00238353	0.458422227
cg25221239	0.451282086
cg25851789	0.371558558
cg06046430	0.144075078
cg19326217	0.795602305
cg05705018	0.591867568
cg24062526	0.933235456
cg01085569	0.70297743
cg11005692	0.628987485
cg17817532	0.302122056
cg00048743	0.251536921
cg04079301	0.324323703
cg15465279	0.400174605
cg26156321	0.635081714
cg19961228	0.774614379
cg09767822	0.217650716
cg03957481	0.058032297
cg10616974	0.298887143
cg13806767	0.572692071
cg23991388	0.571458177
cg03771840	0.42664573
cg08175609	0.529967434
cg13641198	0.645827173
cg09789768	0.592008305
cg24804948	0.080501975
cg18604939	0.568852052
cg18798289	0.601036123
cg16396191	0.480528519
cg09119854	0.425723402
cg02005600	0.454638512
cg18378811	0.507231833
cg07861603	0.555209101
cg02248763	0.71320202
cg18447772	0.041426974
cg24854181	0.413552992
cg09474442	0.333987953
cg06516124	0.189058753
cg24003832	0.424145051
cg15215348	0.494099013
cg13695746	0.587245583
cg22920700	0.389557792
cg06911744	0.793400441
cg04972745	0.301583144
cg18232235	0.812674221
cg22881652	0.546048514
cg11605903	0.160890014
cg23932491	0.06072922
cg21475097	0.181298669
cg10195336	0.847902552
cg15732768	0.485126311
cg11881202	0.138500965
cg00765705	0.18751799
cg09340386	0.687463012
cg13369325	0.461807668
cg04832450	0.691062888
cg02224980	0.514880575
cg10604373	0.715481261
cg18556834	0.42366102
cg26755141	0.247681838
cg07992659	0.398997272
cg06389574	0.569688169
cg10765992	0.691870038
cg24812837	0.12253284
cg11946503	0.192606495
cg25826404	0.115899205
cg22794704	0.10919116
cg16000637	0.421274517
cg24284741	0.69432956
cg08017911	0.607010975
cg18433146	0.595680605
cg19666287	0.096706987
cg08016257	0.305907914
cg04502852	0.502121228
cg02162404	0.463780775
cg01709619	0.055074792
cg01592108	0.7723086
cg09153895	0.522030082
cg25200152	0.571256436
cg16997642	0.757480456
cg09479286	0.226474354
cg14259755	0.588247819
cg07970752	0.222248302
cg12630520	0.615943225
cg13596833	0.114449091
cg16353508	0.750533942
cg17707140	0.534551596
cg10667102	0.509001188
cg12642431	0.410294058
cg24135977	0.503353843
cg18837542	0.878773603
cg17131377	0.594762675
cg11068289	0.400802914
cg16789592	0.045526672
cg25773262	0.464287365
cg00300298	0.516146061
cg03014326	0.158231644
cg11093939	0.640554069
cg10817669	0.66231811
cg23217622	0.097709319
cg19814116	0.470297603
cg08288016	0.850676874
cg07366188	0.695738206
cg17929068	0.313921894
cg08284496	0.338853608
cg22900415	0.296065014
cg18956933	0.204603843
cg02004851	0.36076729
cg01439876	0.313004182
cg18450270	0.502916842
cg08586366	0.373054256
cg13427748	0.228362648
cg10368447	0.062543593
cg21760990	0.373317299
cg22044002	0.215101386
cg01214458	0.599191869
cg24613558	0.666080011
cg08061524	0.27958445
cg00911794	0.606711676
cg07917269	0.265102905
cg13280788	0.452274633
cg20490392	0.447056935
cg14153740	0.607135433
cg22703162	0.363811365
cg19306970	0.543034518
cg06635722	0.550102498
cg10606490	0.095276004
cg18577239	0.663925441
cg19095568	0.532836609
cg04591843	0.782044513
cg04459091	0.514801099
cg14580085	0.276677437
cg06750897	0.851103456
cg12230728	0.473363527
cg19928955	0.433399739
cg23220769	0.478359304
cg11916729	0.050082148
cg26789038	0.655147378
cg25214966	0.266982091
cg26522946	0.417404788
cg01098320	0.17148461
cg25456368	0.523058736
cg23197862	0.226015177
cg06734406	0.621389465
cg14509902	0.82962082
cg13654884	0.68795686
cg26522592	0.321262989
cg13860360	0.836175338
cg17342469	0.259380383
cg10518264	0.591148934
cg08128274	0.233209324
cg10893278	0.333610886
cg20298668	0.378526929
cg26667946	0.143416376
cg24139639	0.559614099
cg00422488	0.451814121
cg03731268	0.345052891
cg15405084	0.618704217
cg11887833	0.832380415
cg06582782	0.34536784
cg21695830	0.363530596
cg20897830	0.322579185
cg08399336	0.601029357
cg15210526	0.559224316
cg16549644	0.368312546
cg11796442	0.686421872
cg24989962	0.184332834
cg04892437	0.582883422
cg19111459	0.132621901
cg07804470	0.484076009
cg04864327	0.523143662
cg26599630	0.271851441
cg13506288	0.445985173
cg26446499	0.5470457
cg04354393	0.297872388
cg11678039	0.611873878
cg17942666	0.577858578
cg26696870	0.531144386
cg24935345	0.533851198
cg16231917	0.417663935
cg17007339	0.380602025
cg11782714	0.737386014
cg06294561	0.653650793
cg24822529	0.454032681
cg12311175	0.51987993
cg19255477	0.193786954
cg00445126	0.337030556
cg21002146	0.602068791
cg10331829	0.432698001
cg14266287	0.460327094
cg14082886	0.733553246
cg01206418	0.609551328
cg14383572	0.581230897
cg14625581	0.312681747
cg06020207	0.53800039
cg25996586	0.583302793
cg07818978	0.609160603
cg15727188	0.919584528
cg06945634	0.591549294
cg12518146	0.397493224
cg12810084	0.295802081
cg10745499	0.519636782
cg14454127	0.482909536
cg17968795	0.163780645
cg23651889	0.775570757
cg15027633	0.702438817
cg07015803	0.752662574
cg15652532	0.172930476
cg23314364	0.240654934
cg16589135	0.075421526
cg09473359	0.234079095
cg12745203	0.421410382
cg26470309	0.665366162
cg14069088	0.698334463
cg12178578	0.067698538
cg11702085	0.178395322
cg01336390	0.288980447
cg02119693	0.635006679
cg10423607	0.309246432
cg02621151	0.37077804
cg03544781	0.617475722
cg07825294	0.412183875
cg14082127	0.436421558
cg03822198	0.450488953
cg02858512	0.158664062
cg04913979	0.367368766
cg13800802	0.628682411
cg08595782	0.626910973
cg14802502	0.402918387
cg07668501	0.209893706
cg09827761	0.436535146
cg25334575	0.361812002
cg14467794	0.364330677
cg17668981	0.679106936
cg11185792	0.314159606
cg11589885	0.84889567
cg13525071	0.836909665
cg00901554	0.720311818
cg11938738	0.563115428
cg00741609	0.206349472
cg22990129	0.823528816
cg24663971	0.601164686
cg26201952	0.327978997
cg22800590	0.54054509
cg10996039	0.653674259
cg07168526	0.396526202
cg09248694	0.322691271
cg15530351	0.800807976
cg13436110	0.377579288
cg12761101	0.621377002
cg15217044	0.207804539
cg05166022	0.404510504
cg16762841	0.223225804
cg23064601	0.460584166
cg17790273	0.337487445
cg01602621	0.323546962
cg14467415	0.541408124
cg11977100	0.492502936
cg11731890	0.100069777
cg17542385	0.634479215
cg17163168	0.169393184
cg00838919	0.180069876
cg26203839	0.57331149
cg01977079	0.329840623
cg18391978	0.714530811
cg05154454	0.601492433
cg04932340	0.174028473
cg18989909	0.622304215
cg05477405	0.531015379
cg17526229	0.409463093
cg27330193	0.468813641
cg12938020	0.278071342
cg10864952	0.279424703
cg07816556	0.589329853
cg24838063	0.854870247
cg09684233	0.159107143
cg26690075	0.350166378
cg08943714	0.453178635
cg18456933	0.54697952
cg16596440	0.317075921
cg08786003	0.623864606
cg16801887	0.031759328
cg04126335	0.811704892
cg04911139	0.506036903
cg04004787	0.455144165
cg22824635	0.962455635
cg03597699	0.384391086
cg10544031	0.113224791
cg13480937	0.502633964
cg08022244	0.125425991
cg21346154	0.735310164
cg12676702	0.518712006
cg22123915	0.604992215
cg04259326	0.52586994
cg08019798	0.573057408
cg14024893	0.631628957
cg10704263	0.308773545
cg17495130	0.251251042
cg10764492	0.557870762
cg09754272	0.211112257
cg02166981	0.42415171
cg08061755	0.432399168
cg09052854	0.62867082
cg10709593	0.356047848
cg27105827	0.258902093
cg05876246	0.227736885
cg23516463	0.03940639
cg08522676	0.262624646
cg03284866	0.146156153
cg27349333	0.496457417
cg20464143	0.420420841
cg09870910	0.775302313
cg04548856	0.161516721
cg07203423	0.107908244
cg09954813	0.750440577
cg24243879	0.578752368
cg03877376	0.211636336
cg05449136	0.196293166
cg18240331	0.046830475
cg08774207	0.1981603
cg20512044	0.803001294
cg08599635	0.670845811
cg24249925	0.5384163
cg11134430	0.292039661
cg15978561	0.287647277
cg02833108	0.675191396
cg14189141	0.077620289
cg24102622	0.25105639
cg08425543	0.732427434
cg21637392	0.182287466
cg03463411	0.45717224
cg16683060	0.448356481
cg00758881	0.121193277
cg11092048	0.245282354
cg08041448	0.642948546
cg08005660	0.288276213
cg04770088	0.413686457
cg24375218	0.418058131
cg00699392	0.456417406
cg19170807	0.34847539
cg05956608	0.630108128
cg07353006	0.432914853
cg19385331	0.231138539
cg19721060	0.485336054
cg05925497	0.387334867
cg08614334	0.632360323
cg23651872	0.770637829
cg20247486	0.400291012
cg24780501	0.565088202
cg03507641	0.532070063
cg03476007	0.540964304
cg16450309	0.697373494
cg15037823	0.351708705
cg03826463	0.786144077
cg20370678	0.121619515
cg13974838	0.749936388
cg17108141	0.260535155
cg23726802	0.314942642
cg06658404	0.17590469
cg27183791	0.641177283
cg20540714	0.192286525
cg16903735	0.378858629
cg06796713	0.239720397
cg07904475	0.70969943
cg03079497	0.339403807
cg17516247	0.418593483
cg01408860	0.4366775
cg03898385	0.744492659
cg10928544	0.479800066
cg19047068	0.551249658
cg15825321	0.370808912
cg20520804	0.706349908
cg09421307	0.455686147
cg23108931	0.499716541
cg18003659	0.66801916
cg04822495	0.68632794
cg25026992	0.557944704
cg20181739	0.847602817
cg00839584	0.510430529
cg14711997	0.266604952
cg19951244	0.492610373
cg09755589	0.567365356
cg15749858	0.420834071
cg11349423	0.750474153
cg12179011	0.354024419
cg12865939	0.377932177
cg05872706	0.093707661
cg23949574	0.795677804
cg06594404	0.106885222
cg13275603	0.568191301
cg24396429	0.494848929
cg19911430	0.567406555
cg19734465	0.276477135
cg10730165	0.651647157
cg10767192	0.467649878
cg17822007	0.162855462
cg13646020	0.12142148
cg14631114	0.669333843
cg16717713	0.236015506
cg02822958	0.711467556
cg27208079	0.674254682
cg26550235	0.232490209
cg21472050	0.625154553
cg00744351	0.751638212
cg04329454	0.422252189
cg21587066	0.189467747
cg24671734	0.256749076
cg19954017	0.299952577
cg12192884	0.767285534
cg04050824	0.230075578
cg07700843	0.421358145
cg15071854	0.052793847
cg06405186	0.175910409
cg10193721	0.427551394
cg20945055	0.671606213
cg00401101	0.555167436
cg09929879	0.701306265
cg06448442	0.81417408
cg13543436	0.303411591
cg07894334	0.369935346
cg10324416	0.616596765
cg10038009	0.093432327
cg24793124	0.387180641
cg26946259	0.365925091
cg14170999	0.468341393
cg11674130	0.53285728
cg25394505	0.6584838
cg24018520	0.188954282
cg16210842	0.211114534
cg05797854	0.274150421
cg18107144	0.158065725
cg04118741	0.729630861
cg18409732	0.528083983
cg08557179	0.617995571
cg04768935	0.406715422
cg14428252	0.093108654
cg13921444	0.550288371
cg13453374	0.162125958
cg13883696	0.158559023
cg16589705	0.623888069
cg02087565	0.729792203
cg01124132	0.420062497
cg01716975	0.33049467
cg01546047	0.457198621
cg19157853	0.154358891
cg20744163	0.92341172
cg11172629	0.825765991
cg15393275	0.22543316
cg13710662	0.508897749
cg07608565	0.367254608
cg23104954	0.664533981
cg22509053	0.612184932
cg12355172	0.35190912
cg05542101	0.60582043
cg07467482	0.555733776
cg27059698	0.448486005
cg10227331	0.405842666
cg14123543	0.253193118
cg11945167	0.449142834
cg11938832	0.808512048
cg13946956	0.63478357
cg23254393	0.216281337
cg19476597	0.317227129
cg14940871	0.686351541
cg09614479	0.499057484
cg03739955	0.579147859
cg26195495	0.501638185
cg06602723	0.260473975
cg09747445	0.36453906
cg00468380	0.545949771
cg20627652	0.441306813
cg12652641	0.145603001
cg08189198	0.650835047
cg17107691	0.687130642
cg14704980	0.641296532
cg25137787	0.461639387
cg00921266	0.265489074
cg13995427	0.426506912
cg01178624	0.583645211
cg00939442	0.465534234
cg02161900	0.320295473
cg13389502	0.705045689
cg16852369	0.351608891
cg07938743	0.651129289
cg20982735	0.566067319
cg01141339	0.354134305
cg25712005	0.400320903
cg16343401	0.515922006
cg24394856	0.282262554
cg25872855	0.500488885
cg17596249	0.707120977
cg04498418	0.146716838
cg14020052	0.601137937
cg14260889	0.691930945
cg24484802	0.579355477
cg19430473	0.617985511
cg14316944	0.452063363
cg06351520	0.5796132
cg09195389	0.306631204
cg14981960	0.798997333
cg07536737	0.661492928
cg23910430	0.789998078
cg26017988	0.598033493
cg22578632	0.496204444
cg25499397	0.3030887
cg04601228	0.696746566
cg25470758	0.538246203
cg15770446	0.757318245
cg11211384	0.560580135
cg08666956	0.540710464
cg18670770	0.401963578
cg10490577	0.820922493
cg15536663	0.520032799
cg00909094	0.65336237
cg02312175	0.274584328
cg07211768	0.60904316
cg07640336	0.934101786
cg02582203	0.085793758
cg11546385	0.450970532
cg21506509	0.61395055
cg01240795	0.656307997
cg14642392	0.644200546
cg20525461	0.22267464
cg10527300	0.658686895
cg02773433	0.394237573
cg22852065	0.627550436
cg23238119	0.556793771
cg21535106	0.117507343
cg18471993	0.665589547
cg17128417	0.130306718
cg08708961	0.372754896
cg21081729	0.774320123
cg07802362	0.756961574
cg25672327	0.328312185
cg17450425	0.547379042
cg14088282	0.363957628
cg14823429	0.363734351
cg16530177	0.175712278
cg14753631	0.349704712
cg17034390	0.182824702
cg18473137	0.892044643
cg18130044	0.291238645
cg05700616	0.498190974
cg08461772	0.555509645
cg21156057	0.45235806
cg01524278	0.445575352
cg26262157	0.411951317
cg25758242	0.699857968
cg11252310	0.470032952
cg14582550	0.6795191
cg20811755	0.497308677
cg05542681	0.074323152
cg15768901	0.284306935
cg15904283	0.360344988
cg11017086	0.575783405
cg00059652	0.37566884
cg25984524	0.804219595
cg22930986	0.42180067
cg14670938	0.649281779
cg12506775	0.149641924
cg02742775	0.478425973
cg17602126	0.428065509
cg05032848	0.146101757
cg00237391	0.18402658
cg23150604	0.46632845
cg17298239	0.0369025
cg00133595	0.069092718
cg08859215	0.470996852
cg02381853	0.536660099
cg01972418	0.181254235
cg07509935	0.177331332
cg05493407	0.721845991
cg23475625	0.15513104
cg00369241	0.732557381
cg04937416	0.203694408
cg24536349	0.309486798
cg24159247	0.298866905
cg16415819	0.611308108
cg07834396	0.372837291
cg20669834	0.543413574
cg12091642	0.139861221
cg24465224	0.864960858
cg16755833	0.742875443
cg08538034	0.217253673
cg06029700	0.769156459
cg11979875	0.661426299
cg19022814	0.079873629
cg12492885	0.316110943
cg15798385	0.6733411
cg20566840	0.471171128
cg13378013	0.38941608
cg12434681	0.564180803
cg00013655	0.187601153
cg17138769	0.196498339
cg07173972	0.145944274
cg03048889	0.198402685
cg23930711	0.292909452
cg22061832	0.34185161
cg18716912	0.335988502
cg05573381	0.120286288
cg00522403	0.950020935
cg07568313	0.574711645
cg27250032	0.724836399
cg15814504	0.21307233
cg12462705	0.195381827
cg13709271	0.751394701
cg22436429	0.488372457
cg26457248	0.393906786
cg09367901	0.463291528
cg23359714	0.295138791
cg06007282	0.63978173
cg17733447	0.465627026
cg16703762	0.425660492
cg04085896	0.512486139
cg05688618	0.270259904
cg12475590	0.551775876
cg21763603	0.702382832
cg05659097	0.048768825
cg18964375	0.633629331
cg12220426	0.611588883
cg12786605	0.504576346
cg09988738	0.23037792
cg21299542	0.296059117
cg09712066	0.624235436
cg04784618	0.472593037
cg06000610	0.653412195
cg23563234	0.361548884
cg12788467	0.328317734
cg15521790	0.268594579
cg15093769	0.892833064
cg16265599	0.449924016
cg11865553	0.106687188
cg06379192	0.850484613
cg27427491	0.483517758
cg03312958	0.480350778
cg15067806	0.129821534
cg13146674	0.233051881
cg02428792	0.254491238
cg27657333	0.240409346
cg04221521	0.592042672
cg09804503	0.940337294
cg01097663	0.605727609
cg01519253	0.058407383
cg02120470	0.517949704
cg04132199	0.127702394
cg18165065	0.721874562
cg13749113	0.469579966
cg12755421	0.214684241
cg08298351	0.630361796
cg00917847	0.274715492
cg13845094	0.246110913
cg24599709	0.610824112
cg13757826	0.132321735
cg11694262	0.23112099
cg01377268	0.365214227
cg09266087	0.696945722
cg26345046	0.245967533
cg21843594	0.537500518
cg00337916	0.278056961
cg04153740	0.202341618
cg24736989	0.261046085
cg27468976	0.627030774
cg00982919	0.286635626
cg19388972	0.53561491
cg08757862	0.304702724
cg04664628	0.707414444
cg00491255	0.670696167
cg22468751	0.431966269
cg15408020	0.483688019
cg02256049	0.466031514
cg10378538	0.803536769
cg06613263	0.428401957
cg02397720	0.186380016
cg23478293	0.182029774
cg22029015	0.855555987
cg21519654	0.595682346
cg03346987	0.723034542
cg15807143	0.665334214
cg16152753	0.398013098
cg20432507	0.370272564
cg22354618	0.677339213
cg27522567	0.556855319
cg02032558	0.530228051
cg18776460	0.29978541
cg22679014	0.276257782
cg12618270	0.61232504
cg12787836	0.583512857
cg17049050	0.611468683
cg12489547	0.795801359
cg15773794	0.493499693
cg02378440	0.225818126
cg08216099	0.48299471
cg09355008	0.583606707
cg12567635	0.577265897
cg07889938	0.447981406
cg10592478	0.44537582
cg07990843	0.175808464
cg11884030	0.254516917
cg23687466	0.246412754
cg14654533	0.229997483
cg17102205	0.413682295
cg20187173	0.62552405
cg04120686	0.43954215
cg15164708	0.37694581
cg11100465	0.565220765
cg04865841	0.224045543
cg10432422	0.343371848
cg11566521	0.443960105
cg15964309	0.181567167
cg02621130	0.199243094
cg18919017	0.527584727
cg22052948	0.462025317
cg05125455	0.714943398
cg04470557	0.387718106
cg18975130	0.452081919
cg15737177	0.719439421
cg12152002	0.251325614
cg06554090	0.214787942
cg18193764	0.077351626
cg02614024	0.674210879
cg03377610	0.323781952
cg05548945	0.619701712
cg22074858	0.125568022
cg12494373	0.460721616
cg08816590	0.076849895
cg05201300	0.375658037
cg02017282	0.333818136
cg17835961	0.266236672
cg03486986	0.207093541
cg25916993	0.452104091
cg02792168	0.320867239
cg04160030	0.31315144
cg20949700	0.411168566
cg14550519	0.556790427
cg16449219	0.733066137
cg26366091	0.431884628
cg25574750	0.632765311
cg02930419	0.482172482
cg06314333	0.087925509
cg05734456	0.392017195
cg13301003	0.443315539
cg13728131	0.278173013
cg07106394	0.546491174
cg20576162	0.436489533
cg18691800	0.053020579
cg11442173	0.657623967
cg05649009	0.587812322
cg02131155	0.726823444
cg10241563	0.779755272
cg18618334	0.38203343
cg12997720	0.164509496
cg05174942	0.770467224
cg02407342	0.305768346
cg17589284	0.528423336
cg02978297	0.700649132
cg00225006	0.53379083
cg25734913	0.417832462
cg04960065	0.597348645
cg26994283	0.948376116
cg02532538	0.079020188
cg27185501	0.554413867
cg09682213	0.4374201
cg08699631	0.775959109
cg12048965	0.436536528
cg01411921	0.302818619
cg14709691	0.028836679
cg21711214	0.65866713
cg05016408	0.142731936
cg00994306	0.297251125
cg10249637	0.834911483
cg01610979	0.548851923
cg01763575	0.089106169
cg14136893	0.631805091
cg23982392	0.500683794
cg09019329	0.167055964
cg23050300	0.547236079
cg13345726	0.771864896
cg25900085	0.048300512
cg05894754	0.56226636
cg24260135	0.435331056
cg10321156	0.268078904
cg24757937	0.522250713
cg23892439	0.688083143
cg17636752	0.318938953
cg00620190	0.590229759
cg09481404	0.11281408
cg15723028	0.526028946
cg21232620	0.477804508
cg01464186	0.613297481
cg12937434	0.556278704
cg23518497	0.627077987
cg14141912	0.568394141
cg24183566	0.611397937
cg20513418	0.639419239
cg12204258	0.240500646
cg27142354	0.855759584
cg05492818	0.777354383
cg07048527	0.53867643
cg09461792	0.57179497
cg24157598	0.543720284
cg17170354	0.331117108
cg01877524	0.968774271
cg11057205	0.596768135
cg24772388	0.246129356
cg23547017	0.382178884
cg18694169	0.138414093
cg27438425	0.559199708
cg18300492	0.574566129
cg06779672	0.277092904
cg22978940	0.647025482
cg04132452	0.492345604
cg13292607	0.828902822
cg00242786	0.856619545
cg27425146	0.37859506
cg27159987	0.597083606
cg06235653	0.124423771
cg18347607	0.584802068
cg24979288	0.448455041
cg17504394	0.529638476
cg01300623	0.556029895
cg25379549	0.919472302
cg22886323	0.619678225
cg10588962	0.707622837
cg23400942	0.681312406
cg08270005	0.513767915
cg01451808	0.472786207
cg10804656	0.57550474
cg23960088	0.766974969
cg06224766	0.589379378
cg06600725	0.240892469
cg23079252	0.228455572
cg17178175	0.409517196
cg00756032	0.433261032
cg02474116	0.481694025
cg19479935	0.740405867
cg16681157	0.725067578
cg27369096	0.932616612
cg13372811	0.266060824
cg00376553	0.559801919
cg23631759	0.530606673
cg15056288	0.245804004
cg25592206	0.702123122
cg26980111	0.567724867
cg14981253	0.357458332
cg02488942	0.399782549
cg15785868	0.28673845
cg00084770	0.224811182
cg06324373	0.262513961
cg04159903	0.170625851
cg04977528	0.557032388
cg11741189	0.467725913
cg03435439	0.502727578
cg15602298	0.754979238
cg18749404	0.512940116
cg24126967	0.691137851
cg05923687	0.09729894
cg16059943	0.739555919
cg22855020	0.41022409
cg25623727	0.577670817
cg08365738	0.374438723
cg03257743	0.382884753
cg25280720	0.611492125
cg07200616	0.717736968
cg05351887	0.405264992
cg25033380	0.733758237
cg10114725	0.307631846
cg24717695	0.196086463
cg03589296	0.330699092
cg03257172	0.199004429
cg19552690	0.917240105
cg21327194	0.472471107
cg12254845	0.223011145
cg24795274	0.501037655
cg15467646	0.055757728
cg08038054	0.277844888
cg07613945	0.600317364
cg02246426	0.655212005
cg03079733	0.633326238
cg13488556	0.715339242
cg06871246	0.752814636
cg25486361	0.655748632
cg10083258	0.584468158
cg04352505	0.167253711
cg24810836	0.405302684
cg13335271	0.564820272
cg26664254	0.731134711
cg05352016	0.626952381
cg23834919	0.481166358
cg23007087	0.684490392
cg27359374	0.452560227
cg18649451	0.495217983
cg12671632	0.442554688
cg17087698	0.686294589
cg11081272	0.553704821
cg01926238	0.195653195
cg03564455	0.626796556
cg16692653	0.592628624
cg07249765	0.899631947
cg08775137	0.707828195
cg16761390	0.260384852
cg01510696	0.904544652
cg02270952	0.37064974
cg25773259	0.552383374
cg18848959	0.322563266
cg22624907	0.424061633
cg13806870	0.227298733
cg04603130	0.359327035
cg26014409	0.471548575
cg01344452	0.089907368
cg01109734	0.642477884
cg21931680	0.560044213
cg22855405	0.206745629
cg18774692	0.481581298
cg09935667	0.810885955
cg25649784	0.515927099
cg08873424	0.505827977
cg20892919	0.408335901
cg18320854	0.438466353
cg21034034	0.836750741
cg04767756	0.531230014
cg14248715	0.091605497
cg09245319	0.683370671
cg03436967	0.583021188
cg14016554	0.649762256
cg22964758	0.45174135
cg14818277	0.439939806
cg26199241	0.166656273
cg21535606	0.453031974
cg05060486	0.813353118
cg08196842	0.167993566
cg08243728	0.231909699
cg20222562	0.388218277
cg24035107	0.546823245
cg10261191	0.449569694
cg08971771	0.248812279
cg15858483	0.531941923
cg12468774	0.15949086
cg24234651	0.032469496
cg06565975	0.455398099
cg00214395	0.540528832
cg02562387	0.41186099
cg16783349	0.696679925
cg04223553	0.293369685
cg00899400	0.645583689
cg01232511	0.751992103
cg01693138	0.122348426
cg26836273	0.941751131
cg10908116	0.43530053
cg20386580	0.417094364
cg22872195	0.565436696
cg16663142	0.585388154
cg23579185	0.373594781
cg16340422	0.228680332
cg01083633	0.210183458
cg12889126	0.548819971
cg00830492	0.560875988
cg16558822	0.852340277
cg10663765	0.472404346
cg27250435	0.625989333
cg08137948	0.190177723
cg09339763	0.166152917
cg01231183	0.645744945
cg16609181	0.810972652
cg21610221	0.116538328
cg02796568	0.641661359
cg04863005	0.425309559
cg11903188	0.495637336
cg10660848	0.483294752
cg27149567	0.782584709
cg11957400	0.448547089
cg12775223	0.736730269
cg08660295	0.506079072
cg11988591	0.273171368
cg10057126	0.612784524
cg06679494	0.448180682
cg22388417	0.655033744
cg04742780	0.251682976
cg08402365	0.775963547
cg02983451	0.14331556
cg11285912	0.577894483
cg02094500	0.547071884
cg24637035	0.523195305
cg04027548	0.726629952
cg18118147	0.842089928
cg22679813	0.701597992
cg09142313	0.505881337
cg05033389	0.583371801
cg16598679	0.529909222
cg07656173	0.571973121
cg10363885	0.209912987
cg19676182	0.590086904
cg13711394	0.403749091
cg10107050	0.23078636
cg20710519	0.609937328
cg24951893	0.460392466
cg05199874	0.50806307
cg21961149	0.814869547
cg18146737	0.368101328
cg05979457	0.22420874
cg08802841	0.635759886
cg03297163	0.103096223
cg00914222	0.601586276
cg02676602	0.756752242
cg08314208	0.546917708
cg07682547	0.085002887
cg10754395	0.60816163
cg23444265	0.3297161
cg17289451	0.640208995
cg02351655	0.425931526
cg04992852	0.644427573
cg17004353	0.637240612
cg17998964	0.381540648
cg20639805	0.536640116
cg25825506	0.18567995
cg13713172	0.421909309
cg08654960	0.493376212
cg08469215	0.38618481
cg18235088	0.679829682
cg17535691	0.114605266
cg22153312	0.344224704
cg09645138	0.734321915
cg26116495	0.822691569
cg06850158	0.582292771
cg05156566	0.610796394
cg00458878	0.503599711
cg10605246	0.700666421
cg13165778	0.652178196
cg10519368	0.399303615
cg25693497	0.484815898
cg18403852	0.479064829
cg00254681	0.343574802
cg22344727	0.404211841
cg18652721	0.176413099
cg11323506	0.218795162
cg01355108	0.342732591
cg23078268	0.160432306
cg23948811	0.632492626
cg15441392	0.429551637
cg16758317	0.553629742
cg26033349	0.359480025
cg13661703	0.639969312
cg18378551	0.31751087
cg26156687	0.081362263
cg10024583	0.221912538
cg16366262	0.727259828
cg08715595	0.302731225
cg16542356	0.808866178
cg16705086	0.569886138
cg05679002	0.583592956
cg03041920	0.308728781
cg05384697	0.611956388
cg21896766	0.50908242
cg00126889	0.685629217
cg17448813	0.744970823
cg05098566	0.237064517
cg23325997	0.744693928
cg17485717	0.716026858
cg21078654	0.634002403
cg01446627	0.457121018
cg05144259	0.397369623
cg26395694	0.289467811
cg25012961	0.476287451
cg15164782	0.6208232
cg06901711	0.501543348
cg08460812	0.554971346
cg04567738	0.415307793
cg18448614	0.556725723
cg03064626	0.681276776
cg06134678	0.706051018
cg00939682	0.291515437
cg09127472	0.747444937
cg18596947	0.704035872
cg02100373	0.326291593
cg08380477	0.431475078
cg03094555	0.659064671
cg11801842	0.519283014
cg13909533	0.568931761
cg10179300	0.686503044
cg07849811	0.659930393
cg00200734	0.313697374
cg20574436	0.206326423
cg24699271	0.610056709
cg05524354	0.591375022
cg23575688	0.521753481
cg25032094	0.3360426
cg23553912	0.728353305
cg01875838	0.596937329
cg10862567	0.795271595
cg15317129	0.592325286
cg02514003	0.862408684
cg24154053	0.132965043
cg06862136	0.282157164
cg05234121	0.4721456
cg04314111	0.702807406
cg26678920	0.044291301
cg03302281	0.482638023
cg04896832	0.507245161
cg04528931	0.490571364
cg24093411	0.108512839
cg02000275	0.474711053
cg09550909	0.130493093
cg21106461	0.476609913
cg16307866	0.472799798
cg22400703	0.208137693
cg20129035	0.649000452
cg10608596	0.4429995
cg08946658	0.670325857
cg24270710	0.545781919
cg25317460	0.289212372
cg06196314	0.629542226
cg03953626	0.071991603
cg17312277	0.790172129
cg04528829	0.551737351
cg01070197	0.850758554
cg21961694	0.571065971
cg01205935	0.664610356
cg22769890	0.639225558
cg08929399	0.646992601
cg05238741	0.24623101
cg00002033	0.295685287
cg26590744	0.529457711
cg14826683	0.579805588
cg03991547	0.755031743
cg20318166	0.230282148
cg20946037	0.555839126
cg02660440	0.495018379
cg06468385	0.534395668
cg02564291	0.652265832
cg26953727	0.104674859
cg11718162	0.468738354
cg07119434	0.256094094
cg00167670	0.446138405
cg08900101	0.189500551
cg19023977	0.480574153
cg09556042	0.249312817
cg24094897	0.534972876
cg10439737	0.659204199
cg24332389	0.654642992
cg01250212	0.644511925
cg01510990	0.647999934
cg08892613	0.569361133
cg04531363	0.449015771
cg25967031	0.576964892
cg01423389	0.564458236
cg01518607	0.110276983
cg17344321	0.173317867
cg10791541	0.505089385
cg03692563	0.306160189
cg19667811	0.677059748
cg21465176	0.691331314
cg02013841	0.356953051
cg02273889	0.663132533
cg04637478	0.303985468
cg15829088	0.218703861
cg13468318	0.541507902
cg11010561	0.430885009
cg25365014	0.501530456
cg12058390	0.393435607
cg26011222	0.460163088
cg02959486	0.62123159
cg22594737	0.644716026
cg12204166	0.685860978
cg15205435	0.099071413
cg17510121	0.535036899
cg07450210	0.687237205
cg08986840	0.435203663
cg18857467	0.549119861
cg25449440	0.709455367
cg07178969	0.287961786
cg13307880	0.333215998
cg23226249	0.608641561
cg08947774	0.671656771
cg25940248	0.542956777
cg24127748	0.3494711
cg14772439	0.056535008
cg21355828	0.199550031
cg10049789	0.588969794
cg02974085	0.678218264
cg19124509	0.163067424
cg11132534	0.561480754
cg22370252	0.480351061
cg14517119	0.572549596
cg22260782	0.737969094
cg02546607	0.645140913
cg27065717	0.469763618
cg01335127	0.605657682
cg14659193	0.290876908
cg07995570	0.17398047
cg08699206	0.616518445
cg09563922	0.189964024
cg19461383	0.844589247
cg09007841	0.672239008
cg20618651	0.603537257
cg26315221	0.446613458
cg06876892	0.428366788
cg02346790	0.594147062
cg03027800	0.697010865
cg18126802	0.346675059
cg12664119	0.614965867
cg00559001	0.513683163
cg18192417	0.462309681
cg18444097	0.683326973
cg00952822	0.758306352
cg13557804	0.733046244
cg15393025	0.887204955
cg00820405	0.764339078
cg14461974	0.856178276
cg04751276	0.615478623
cg18322569	0.130899569
cg13783238	0.385211578
cg20684375	0.409530804
cg04416414	0.298038479
cg07393854	0.738172498
cg11647108	0.626438738
cg03593578	0.634552455
cg27063572	0.498315829
cg12232731	0.296375005
cg00849610	0.279894632
cg24796272	0.380462328
cg18443437	0.435194597
cg17094249	0.254399439
cg22508969	0.17829845
cg17031543	0.404098559
cg14201467	0.683540737
cg02613827	0.173578094
cg17519645	0.821648232
cg22016995	0.804089939
cg23391288	0.756378986
cg09156073	0.50058316
cg23778363	0.244130599
cg01474781	0.374780746
cg20343827	0.554413717
cg10629004	0.451845645
cg09573843	0.267934776
cg19405883	0.708233701
cg01934626	0.055047255
cg15961219	0.608551193
cg22816091	0.382624798
cg00772192	0.547772012
cg10580110	0.592524106
cg03115444	0.411345364
cg02058870	0.290632809
cg08769634	0.576757659
cg27448433	0.724377493
cg13735819	0.335348854
cg22214889	0.506804718
cg05973772	0.452692647
cg03992638	0.374106673
cg01294808	0.651141451
cg04810745	0.604184226
cg00262132	0.427843362
cg01143068	0.419097122
cg26251506	0.241295155
cg08502652	0.289800858
cg26450149	0.460217525
cg27403612	0.689540228
cg02867216	0.602425472
cg10552473	0.406983379
cg08231870	0.176774857
cg23339720	0.214590767
cg00436969	0.589193143
cg05244952	0.697124853
cg26191923	0.161863952
cg27109912	0.328844715
cg18941641	0.343562936
cg26618058	0.400589213
cg01006802	0.325693147
cg19284726	0.59307161
cg18155913	0.592991379
cg03958038	0.314652304
cg16368146	0.41605523
cg20387392	0.565233646
cg26074470	0.61121512
cg23145794	0.128280591
cg21390082	0.566528393
cg03790988	0.14041978
cg06579154	0.496657504
cg11410436	0.369070246
cg17228232	0.84404507
cg22812413	0.514349411
cg14110969	0.283108139
cg10072319	0.426317459
cg20770504	0.850597152
cg20114113	0.481623101
cg23497016	0.126625545
cg04195226	0.530717082
cg18145810	0.431265728
cg07213060	0.207414905
cg26883837	0.690101573
cg10558740	0.425503354
cg20000602	0.467672211
cg06058073	0.503100091
cg23924222	0.692224787
cg23934731	0.269716774
cg17817047	0.594187262
cg26418147	0.402477423
cg04552625	0.500040752
cg12347792	0.44822003
cg14755900	0.699658601
cg10453419	0.265031266
cg20961591	0.071053531
cg04256864	0.216609703
cg10765655	0.643689624
cg25771271	0.606646737
cg08258650	0.123182894
cg15852352	0.621428685
cg18323589	0.442098536
cg27153155	0.357222705
cg25799589	0.633717449
cg25626375	0.422030072
cg20737909	0.748637201
cg18745629	0.520567065
cg14108567	0.613027758
cg17763019	0.498027414
cg22261694	0.48884872
cg14298457	0.709346382
cg17436134	0.827424206
cg22768487	0.459605587
cg26222247	0.357479693
cg08098964	0.83666309
cg01295782	0.777861973
cg00460983	0.313534461
cg12977772	0.487469182
cg20306025	0.523518319
cg26027669	0.074394531
cg00155310	0.210531053
cg00742098	0.4419158
cg20430047	0.549317822
cg03980424	0.524937674
cg20532937	0.507302635
cg06888460	0.657249855
cg16325502	0.339389034
cg14564793	0.210763299
cg20169823	0.347775906
cg02242681	0.622434553
cg09657354	0.396405945
cg17207559	0.608512434
cg03499943	0.819700512
cg15888463	0.593732088
cg13414654	0.431160276
cg19999161	0.568868888
cg16728651	0.575447605
cg27648270	0.626323567
cg02006615	0.292725836
cg25790133	0.831687311
cg24318091	0.592116089
cg24805759	0.360803055
cg11430259	0.17515305
cg22205501	0.762377775
cg14882265	0.656228398
cg02034689	0.709965612
cg21452006	0.49929124
cg15608301	0.194461643
cg03804255	0.468758329
cg15954353	0.307423776
cg19634213	0.039380607
cg25835226	0.276792592
cg18131582	0.372878459
cg01480180	0.535227244
cg20910361	0.574666127
cg16951074	0.738899034
cg05226008	0.197452274
cg04029159	0.188128281
cg05607742	0.616484657
cg02010763	0.194594963
cg23971182	0.488785278
cg27441486	0.447194935
cg06780032	0.247679219
cg06400119	0.551527007
cg02540827	0.380115105
cg19376973	0.849165673
cg08654091	0.389477406
cg19048251	0.246871858
cg04467618	0.258818936
cg14671384	0.340106875
cg19412295	0.195170702
cg00553610	0.625829718
cg18890892	0.413275659
cg13429168	0.857490537
cg08234878	0.457417152
cg14213394	0.386372433
cg24550149	0.421010913
cg09637757	0.470883974
cg03252770	0.571968857
cg18631301	0.425179988
cg05655647	0.247633695
cg23782616	0.075553579
cg14757228	0.693139369
cg18894440	0.569627469
cg13480738	0.300963573
cg24201793	0.526686603
cg09412707	0.505603418
cg11508595	0.556465766
cg19829847	0.58046928
cg26014401	0.341620164
cg24586758	0.352058076
cg13580834	0.498762005
cg05328339	0.871894231
cg10378735	0.592336233
cg12287936	0.260347053
cg21120951	0.470545637
cg15462970	0.603720874
cg00627029	0.235958823
cg12355887	0.614385719
cg01516005	0.251863911
cg19425295	0.672532874
cg13351249	0.450410847
cg10864794	0.534823275
cg26036018	0.482120475
cg26800986	0.483944666
cg12318400	0.063060516
cg17276853	0.487063375
cg22047295	0.16502717
cg25556122	0.219983582
cg24286174	0.828128794
cg06240209	0.687414641
cg17641252	0.469884693
cg19948393	0.538756233
cg14689338	0.691210705
cg06650246	0.408659005
cg01043158	0.597263915
cg23427348	0.815258611
cg13172906	0.334472113
cg10298187	0.647228446
cg12076463	0.596343482
cg08271153	0.143229161
cg27074174	0.40856495
cg03839717	0.308163554
cg23452220	0.515781412
cg19149132	0.671905898
cg13894852	0.618216898
cg11359133	0.252763186
cg05521150	0.492458568
cg04721825	0.633343145
cg06206801	0.310978785
cg17679619	0.51482772
cg12840719	0.208506605
cg03554736	0.601707988
cg15373592	0.503448764
cg24738311	0.129866081
cg10238972	0.629772311
cg11854392	0.252528446
cg26960083	0.169614016
cg25264268	0.61279724
cg05813673	0.546429321
cg26343510	0.312643558
cg16276982	0.667612609
cg17753356	0.47512834
cg16978914	0.294791018
cg25509871	0.205760864
cg24286765	0.373905647
cg19856499	0.345375894
cg01265662	0.478803569
cg14533523	0.404798605
cg05830220	0.507304312
cg09410512	0.204053824
cg23494015	0.169231569
cg25929664	0.735828726
cg05194636	0.606483949
cg09432376	0.353606139
cg20522398	0.536923845
cg26536949	0.689924815
cg03104083	0.378868883
cg18500448	0.257860354
cg23933241	0.380753755
cg20397902	0.639438702
cg16565394	0.491680467
cg05436064	0.150949492
cg05786140	0.552464566
cg10191240	0.449124517
cg11382133	0.253906248
cg23837109	0.508220446
cg06569229	0.661387724
cg23090936	0.535652546
cg17527177	0.427300009
cg05929882	0.160200506
cg01760189	0.580150488
cg02124758	0.344482867
cg17104202	0.702529243
cg15564098	0.279207221
cg21873967	0.630560033
cg18822951	0.770102311
cg17977777	0.633956207
cg06712013	0.638488485
cg06842071	0.339176509
cg16035036	0.880247005
cg24820663	0.735940357
cg10052687	0.774088435
cg18724430	0.14887252
cg16998656	0.71719352
cg24625136	0.114589992
cg22328396	0.28486382
cg23236370	0.311723436
cg13058457	0.11685703
cg00470636	0.443083736
cg09851465	0.488205759
cg06806862	0.478130359
cg19816125	0.590411597
cg23232299	0.617036628
cg02520639	0.456151426
cg20875826	0.499052347
cg16888658	0.50998168
cg02764478	0.35728456
cg08524109	0.483033746
cg27059354	0.635710298
cg01471428	0.621883538
cg02165670	0.70197374
cg23695707	0.093845324
cg02633729	0.283847461
cg24419094	0.766653221
cg10374084	0.386500824
cg21398469	0.353892069
cg14435720	0.665707601
cg13132370	0.110715693
cg19986012	0.62845881
cg11268834	0.355050368
cg18788932	0.26554957
cg25657457	0.644350733
cg00992850	0.537981725
cg26124968	0.758212365
cg19795817	0.523939764
cg17199800	0.260851607
cg04651137	0.194044326
cg27219362	0.564745405
cg09610987	0.173220116
cg02849956	0.466029669
cg19632836	0.669105408
cg19825203	0.750578394
cg18369516	0.229517372
cg23024047	0.663723603
cg06137852	0.345526098
cg05065572	0.125963033
cg03771004	0.706873001
cg25599573	0.508837574
cg23108232	0.246019802
cg15138339	0.723481134
cg05908105	0.152321318
cg13813366	0.679030988
cg07937453	0.462485325
cg16925459	0.512575537
cg11299477	0.260915137
cg02268561	0.531872651
cg20434422	0.568358555
cg09096555	0.481739604
cg01573149	0.141491534
cg26164879	0.305726139
cg12912293	0.692772941
cg06576532	0.623884594
cg24536782	0.441162121
cg25753473	0.302529303
cg13656878	0.555977658
cg25095994	0.209605968
cg03898577	0.361808683
cg09563893	0.630826968
cg05545914	0.166195232
cg08245317	0.447533388
cg18010348	0.586943727
cg02123091	0.5620901
cg00225196	0.651180702
cg27162435	0.45164944
cg07189962	0.761606706
cg02831260	0.918506686
cg09102257	0.965208058
cg02005873	0.417630687
cg01160882	0.290557212
cg17200810	0.535157254
cg13187009	0.700963354
cg24472939	0.153965598
cg16663891	0.643341184
cg17329287	0.261687532
cg18530645	0.410516042
cg00612751	0.648407316
cg14020285	0.612575945
cg18835582	0.209639957
cg13763181	0.290365369
cg07060505	0.844945511
cg22683038	0.038927217
cg06893296	0.453631291
cg09028204	0.096510067
cg14818176	0.606154684
cg21315783	0.781970942
cg23928920	0.768391076
cg18626427	0.646973946
cg14499274	0.561526784
cg20899781	0.460457924
cg11571124	0.534095689
cg07050692	0.730578311
cg25813290	0.418135448
cg09313931	0.213084873
cg04309234	0.645272538
cg01337207	0.5819061
cg12434944	0.132007978
cg02822788	0.315402486
cg17762073	0.226639551
cg02683759	0.087594214
cg27517681	0.20225691
cg03442322	0.733159577
cg17775490	0.425890203
cg13935380	0.578578258
cg05096182	0.491729297
cg03957885	0.565476288
cg20060685	0.142961683
cg13885155	0.255192166
cg11928064	0.523729336
cg07048519	0.513466563
cg16054907	0.44361565
cg01074584	0.288607399
cg08556511	0.66751396
cg14184077	0.470642287
cg03277049	0.285472164
cg18482656	0.471723522
cg27170985	0.361101991
cg13595415	0.634432959
cg03526142	0.686667854
cg14478460	0.69679839
cg04964617	0.417981734
cg06738887	0.320361952
cg11155356	0.696620666
cg05606089	0.748662311
cg22151644	0.556925088
cg04028695	0.540230356
cg10018862	0.112200275
cg06994420	0.692597073
cg26340968	0.482561898
cg00610577	0.755728996
cg14605874	0.415653647
cg15192750	0.084468201
cg08748033	0.558861738
cg00010853	0.25531284
cg00350158	0.585282859
cg21520607	0.715575472
cg13664079	0.673631677
cg14759472	0.887709295
cg14707006	0.214880261
cg23097878	0.257022448
cg00044299	0.832353254
cg00036347	0.507299405
cg18758433	0.46875574
cg25002788	0.545117531
cg23550826	0.137492816
cg09860047	0.633426293
cg26531231	0.496825612
cg11350356	0.707621967
cg23338380	0.531418023
cg05963690	0.247358942
cg01566312	0.742337891
cg15331383	0.628169595
cg00344422	0.652382203
cg03942932	0.674144427
cg22324934	0.077439414
cg13878677	0.31175238
cg23918315	0.516764566
cg08436089	0.406180678
cg26427498	0.536221678
cg07387429	0.267678375
cg11207307	0.185496309
cg05267204	0.41029184
cg20544605	0.546223336
cg16325826	0.905222482
cg25134701	0.464279806
cg04017512	0.759882037
cg15778054	0.248373803
cg26345105	0.546782428
cg16531622	0.679381711
cg06847624	0.136440107
cg01293179	0.292778486
cg13375589	0.450872386
cg02973961	0.439108888
cg10725344	0.439573485
cg26195829	0.452853134
cg07039423	0.073468438
cg21842920	0.466590233
cg27275023	0.261681358
cg00900735	0.858449631
cg27576694	0.33736721
cg05766064	0.387601414
cg18232861	0.524955439
cg04156606	0.824869977
cg00595030	0.428736082
cg13581527	0.786317989
cg01150433	0.432115535
cg16963373	0.70001057
cg09883650	0.531376235
cg26169991	0.394414134
cg18075319	0.71605573
cg15359163	0.308185665
cg00482162	0.699588027
cg18758559	0.362057005
cg22975160	0.027185389
cg19854048	0.63881412
cg11585893	0.22954698
cg13995497	0.548337836
cg16769152	0.197026907
cg11747081	0.360272052
cg22711792	0.15817359
cg07527126	0.663793018
cg09417355	0.580150287
cg18076842	0.510476248
cg05104639	0.286289853
cg19244722	0.48279911
cg00962755	0.527832974
cg16989587	0.81333897
cg19186105	0.45440597
cg26126295	0.221024373
cg05940672	0.519337554
cg14848289	0.523521819
cg09451215	0.234551513
cg11855615	0.272289934
cg15142335	0.513702438
cg18177183	0.440274081
cg15020568	0.322522805
cg19787727	0.187889723
cg11596090	0.782605758
cg02884773	0.392260411
cg07063351	0.270329992
cg01942863	0.294856001
cg15761405	0.536906829
cg12945444	0.223652889
cg02892357	0.490484062
cg22982093	0.296182912
cg17298989	0.488888103
cg06042148	0.377608589
cg27644869	0.607690263
cg16201883	0.790734959
cg04880091	0.562312274
cg17520909	0.646358448
cg05127450	0.440107353
cg01511828	0.273579852
cg17889586	0.618871935
cg21167269	0.809849809
cg06217245	0.147146341
cg06492024	0.697154483
cg15732079	0.846924845
cg12924430	0.615638219
cg18571412	0.628890516
cg04752871	0.564089312
cg18358723	0.495068189
cg02053678	0.284690661
cg20087093	0.351906175
cg05926722	0.505953317
cg08584759	0.662216248
cg19633390	0.683629157
cg24049888	0.575058636
cg01296395	0.717978094
cg25938803	0.456018431
cg21158431	0.317779843
cg11127915	0.613710371
cg26266427	0.569979773
cg13980233	0.695443701
cg01027151	0.304569212
cg17275781	0.225648483
cg07677157	0.234155935
cg09893305	0.576472201
cg21028633	0.330983751
cg09410389	0.457853297
cg15712226	0.637237829
cg03466587	0.355811731
cg03240301	0.365848543
cg06654956	0.267382233
cg04921109	0.584956266
cg05547902	0.215206111
cg04615639	0.460379369
cg13722700	0.780847322
cg25623524	0.667396317
cg07301044	0.505617033
cg16775746	0.122183687
cg04221117	0.457023115
cg24773418	0.040588374
cg18413830	0.656833817
cg05345876	0.405970402
cg10140454	0.397302564
cg24569831	0.688384561
cg15402210	0.656101576
cg15515265	0.72771049
cg13080379	0.219088223
cg15721102	0.510137205
cg00644823	0.430518985
cg19443750	0.501452496
cg14983225	0.639512872
cg23704802	0.246756574
cg23395715	0.246207259
cg25281849	0.690895428
cg18172495	0.683292812
cg13380669	0.622249307
cg05491166	0.765430021
cg10575547	0.74352031
cg18351329	0.22560412
cg04555966	0.548025876
cg05796838	0.392459323
cg04259358	0.56208471
cg23363832	0.057197621
cg21012061	0.403079393
cg10339295	0.504235303
cg22119716	0.453650863
cg23550704	0.432425163
cg03709613	0.333560587
cg02794358	0.61835522
cg21929564	0.68170098
cg26147947	0.560463043
cg02441103	0.621291527
cg24146331	0.215923469
cg06963182	0.507246229
cg22122321	0.619096119
cg01638185	0.767540321
cg03799405	0.597846607
cg04590036	0.789981541
cg20683445	0.572354301
cg20749955	0.386951721
cg11887376	0.56750467
cg08506606	0.520683856
cg14533068	0.803173359
cg21708130	0.223724349
cg16999254	0.096425825
cg06373660	0.308890882
cg08523756	0.60414401
cg04305621	0.258061219
cg25144558	0.556976694
cg04141080	0.657627702
cg00777079	0.28050314
cg13357229	0.403625152
cg18805027	0.746765727
cg19416570	0.390202372
cg26004203	0.284360276
cg03729251	0.786921166
cg00118783	0.570989714
cg00710180	0.572214623
cg09259797	0.524880686
cg07464206	0.860797921
cg27183818	0.544597102
cg04276626	0.422786584
cg12085101	0.810958628
cg16222491	0.873554016
cg26480091	0.586485008
cg16503753	0.306699953
cg20077028	0.658151409
cg09174502	0.972181715
cg16784745	0.765388045
cg11248166	0.383306534
cg22664614	0.441090949
cg26337914	0.839655194
cg24232378	0.472762254
cg09160231	0.308968509
cg06372467	0.524149435
cg09613192	0.486171733
cg19717773	0.803929087
cg22488750	0.426241063
cg19373545	0.841959076
cg01240444	0.188403293
cg12595667	0.460952162
cg00565882	0.421273503
cg18229178	0.348407613
cg03652336	0.67509245
cg18449021	0.260573181
cg08080195	0.506450259
cg05928904	0.751879611
cg13895650	0.47055265
cg10044466	0.077878374
cg05895376	0.225915409
cg22162422	0.69517566
cg25147604	0.439695112
cg17569743	0.190928365
cg09257677	0.788056795
cg03354616	0.38233181
cg07126115	0.396258323
cg00691874	0.506756746
cg26076793	0.664392201
cg23034922	0.215025309
cg14508358	0.289535591
cg07331478	0.5394055
cg16034168	0.189975405
cg04707217	0.613717254
cg04153551	0.588412165
cg07097725	0.424531885
cg00544436	0.283372922
cg18693822	0.389090217
cg03632704	0.365167455
cg16970357	0.293116525
cg08448725	0.654396344
cg00171092	0.501998679
cg25249713	0.735196393
cg19319487	0.461236935
cg22588983	0.425635218
cg23530619	0.39708235
cg19385090	0.593243226
cg00852921	0.498035174
cg04923174	0.479031058
cg07703462	0.13035494
cg22046408	0.171971649
cg06756919	0.452616146
cg21038418	0.840819807
cg09568355	0.414881431
cg05003599	0.561974067
cg19540471	0.842988773
cg16377609	0.327089792
cg13125157	0.183032406
cg03593014	0.51259357
cg19617213	0.453673156
cg16991868	0.508501247
cg10210909	0.248061081
cg00277753	0.612956782
cg04677410	0.587274601
cg07971007	0.406691859
cg00648184	0.598905944
cg24812442	0.351779965
cg24960291	0.473600587
cg09638944	0.413839943
cg15952487	0.461139576
cg25494480	0.111675989
cg11309217	0.521462028
cg05340094	0.707468766
cg24535439	0.14551565
cg06934132	0.63564951
cg20193363	0.458846546
cg19233472	0.475994151
cg19241689	0.133636757
cg19049194	0.411350355
cg13170705	0.683936231
cg04557057	0.198093737
cg13973086	0.653702576
cg25708328	0.307995112
cg24607603	0.603162256
cg09696159	0.29400949
cg22033476	0.46580368
cg05390968	0.762874789
cg03090940	0.247049054
cg06213598	0.699727026
cg24674368	0.285591374
cg13734860	0.831810825
cg05626536	0.571373469
cg12390895	0.118829237
cg13496979	0.058146956
cg13923648	0.258044962
cg21876918	0.567469694
cg03562117	0.526413231
cg01993169	0.700627624
cg21149266	0.755617625
cg24427895	0.601856322
cg24586039	0.482866844
cg13912307	0.666943449
cg10717691	0.629050207
cg07679492	0.834697429
cg20820107	0.288407151
cg08553601	0.490073135
cg09455881	0.45998873
cg13414270	0.34535749
cg27071460	0.149213515
cg11052202	0.234424385
cg26511507	0.824502037
cg04579398	0.332972419
cg04046364	0.455379166
cg26676468	0.894405902
cg02539153	0.536102511
cg10931190	0.105798494
cg00563352	0.535103458
cg00772257	0.681511018
cg07994661	0.632170659
cg21127068	0.100620135
cg24908603	0.345514782
cg15357156	0.699370807
cg04886846	0.538107208
cg17691545	0.445096074
cg25326509	0.564432673
cg22143698	0.311524056
cg22771548	0.556811091
cg00040312	0.442728833
cg04175027	0.322278724
cg06041067	0.739323283
cg23689428	0.75908825
cg24690731	0.306278738
cg11775521	0.357447932
cg03431846	0.400286691
cg14093106	0.535591799
cg03521696	0.186989523
cg17327268	0.681157657
cg05597945	0.437222236
cg16426479	0.450060489
cg15573664	0.743858188
cg11868247	0.694084414
cg24400630	0.487327885
cg00603435	0.305297398
cg16985233	0.712310047
cg14232108	0.412499842
cg04407530	0.719089321
cg23757461	0.532994309
cg12110262	0.464536044
cg05355757	0.474255157
cg00781388	0.454788439
cg15138125	0.367409345
cg27454064	0.410965562
cg18774170	0.551573639
cg15753546	0.495952408
cg07260128	0.825963557
cg23856611	0.436396958
